corner_label,hbt_section,mos_section,res_section,temp_c,vdd_v,msense_w,status,fb_seed_v,fb_op_v,sns1_op_v,sns2_op_v,vref_op_v,psrr_dc_db,psrr_min_db,psrr_min_freq_hz,psrr_1khz_db,psrr_100khz_db,psrr_1mhz_db
typ,hbt_typ,mos_tt,res_typ,-40,2.97,10u,PASS,2.13482e+00,2.135145e+00,7.849790e-01,7.846795e-01,1.135860e+00,59.4214,3.9057,3.414549e+07,59.4214,59.0425,49.2213
typ,hbt_typ,mos_tt,res_typ,-40,3.30,10u,PASS,2.46500e+00,2.465363e+00,7.849927e-01,7.847215e-01,1.136164e+00,62.2824,3.8838,3.686945e+07,62.2824,61.5773,49.4404
typ,hbt_typ,mos_tt,res_typ,-40,3.63,10u,PASS,2.79520e+00,2.795594e+00,7.850029e-01,7.847526e-01,1.136359e+00,68.0863,3.7557,3.686945e+07,68.086,65.8642,49.6425
typ,hbt_typ,mos_tt,res_typ,27,2.97,10u,PASS,2.16431e+00,2.164635e+00,7.086199e-01,7.081965e-01,1.165092e+00,58.4638,3.9553,3.414549e+07,58.4638,58.1658,49.2268
typ,hbt_typ,mos_tt,res_typ,27,3.30,10u,PASS,2.49452e+00,2.494879e+00,7.086321e-01,7.082336e-01,1.165403e+00,63.4695,3.9252,3.686945e+07,63.4694,62.5884,49.6127
typ,hbt_typ,mos_tt,res_typ,27,3.63,10u,PASS,2.82476e+00,2.825151e+00,7.086375e-01,7.082502e-01,1.165512e+00,84.8430,3.8559,3.686945e+07,84.8296,69.7924,49.7906
typ,hbt_typ,mos_tt,res_typ,125,2.97,10u,PASS,2.22346e+00,2.223785e+00,5.903828e-01,5.897541e-01,1.205342e+00,57.6059,4.1046,3.414549e+07,57.6059,57.3891,49.5543
typ,hbt_typ,mos_tt,res_typ,125,3.30,10u,PASS,2.55372e+00,2.554084e+00,5.903891e-01,5.897732e-01,1.205614e+00,71.1926,4.1421,3.414549e+07,71.192,67.7206,50.089
typ,hbt_typ,mos_tt,res_typ,125,3.63,10u,PASS,2.88405e+00,2.884451e+00,5.903814e-01,5.897498e-01,1.205470e+00,57.9376,4.1947,3.414549e+07,57.9376,57.6755,49.2117
bcs,hbt_bcs,mos_ff,res_bcs,-40,2.97,10u,PASS,2.18218e+00,2.182485e+00,7.823850e-01,7.820858e-01,1.132975e+00,59.5644,4.4359,3.686945e+07,59.5644,59.3079,50.9063
bcs,hbt_bcs,mos_ff,res_bcs,-40,3.30,10u,PASS,2.51237e+00,2.512704e+00,7.823984e-01,7.821267e-01,1.133272e+00,62.5109,4.4236,3.686945e+07,62.5108,62.0186,51.221
bcs,hbt_bcs,mos_ff,res_bcs,-40,3.63,10u,PASS,2.84257e+00,2.842936e+00,7.824082e-01,7.821569e-01,1.133462e+00,68.2920,4.3710,3.981072e+07,68.2918,66.6726,51.503
bcs,hbt_bcs,mos_ff,res_bcs,27,2.97,10u,PASS,2.20903e+00,2.209335e+00,7.052558e-01,7.048280e-01,1.161355e+00,58.6969,4.4895,3.686945e+07,58.6969,58.4952,50.9398
bcs,hbt_bcs,mos_ff,res_bcs,27,3.30,10u,PASS,2.53925e+00,2.539583e+00,7.052673e-01,7.048629e-01,1.161653e+00,64.0829,4.5248,3.686945e+07,64.0828,63.4178,51.4795
bcs,hbt_bcs,mos_ff,res_bcs,27,3.63,10u,PASS,2.86950e+00,2.869860e+00,7.052719e-01,7.048770e-01,1.161747e+00,79.9505,4.4761,3.981072e+07,79.9477,71.218,51.6832
bcs,hbt_bcs,mos_ff,res_bcs,125,2.97,10u,PASS,2.26389e+00,2.264196e+00,5.858705e-01,5.852281e-01,1.200346e+00,58.0138,4.7148,3.686945e+07,58.0138,57.8684,51.3768
bcs,hbt_bcs,mos_ff,res_bcs,125,3.30,10u,PASS,2.59416e+00,2.594503e+00,5.858753e-01,5.852429e-01,1.200591e+00,75.0527,4.7364,3.686945e+07,75.0519,70.4729,52.096
bcs,hbt_bcs,mos_ff,res_bcs,125,3.63,10u,PASS,2.92451e+00,2.924881e+00,5.858656e-01,5.852134e-01,1.200411e+00,57.1947,4.7655,3.686945e+07,57.1947,57.0482,50.593
wcs,hbt_wcs,mos_ss,res_wcs,-40,2.97,10u,PASS,2.08649e+00,2.086840e+00,7.891868e-01,7.888846e-01,1.140294e+00,59.2487,3.4812,3.162278e+07,59.2487,58.7454,47.8613
wcs,hbt_wcs,mos_ss,res_wcs,-40,3.30,10u,PASS,2.41667e+00,2.417056e+00,7.892010e-01,7.889278e-01,1.140605e+00,62.0235,3.3450,3.414549e+07,62.0234,61.1123,48.0193
wcs,hbt_wcs,mos_ss,res_wcs,-40,3.63,10u,PASS,2.74687e+00,2.747284e+00,7.892115e-01,7.889599e-01,1.140807e+00,67.7705,3.2447,3.414549e+07,67.7701,65.0393,48.1695
wcs,hbt_wcs,mos_ss,res_wcs,27,2.97,10u,PASS,2.11837e+00,2.118715e+00,7.140817e-01,7.136590e-01,1.170852e+00,58.2143,3.4417,3.414549e+07,58.2143,57.8188,47.8359
wcs,hbt_wcs,mos_ss,res_wcs,27,3.30,10u,PASS,2.44858e+00,2.448956e+00,7.140946e-01,7.136983e-01,1.171176e+00,62.8814,3.3708,3.414549e+07,62.8813,61.8132,48.1296
wcs,hbt_wcs,mos_ss,res_wcs,27,3.63,10u,PASS,2.77881e+00,2.779224e+00,7.141009e-01,7.137175e-01,1.171301e+00,99.6472,3.3292,3.414549e+07,99.1062,68.4149,48.2832
wcs,hbt_wcs,mos_ss,res_wcs,125,2.97,10u,PASS,2.18140e+00,2.181752e+00,5.977170e-01,5.970969e-01,1.213073e+00,57.1640,3.5535,3.162278e+07,57.1639,56.8808,48.0953
wcs,hbt_wcs,mos_ss,res_wcs,125,3.30,10u,PASS,2.51166e+00,2.512043e+00,5.977248e-01,5.971208e-01,1.213374e+00,68.2966,3.6075,3.162278e+07,68.2962,65.5177,48.542
wcs,hbt_wcs,mos_ss,res_wcs,125,3.63,10u,PASS,2.84197e+00,2.842398e+00,5.977194e-01,5.971042e-01,1.213273e+00,59.0564,3.5990,3.414549e+07,59.0564,58.599,48.0774
sf,hbt_typ,mos_sf,res_typ,-40,2.97,10u,PASS,2.16284e+00,2.163169e+00,7.849819e-01,7.846886e-01,1.135904e+00,59.7826,3.9124,3.414549e+07,59.7826,59.384,49.3719
sf,hbt_typ,mos_sf,res_typ,-40,3.30,10u,PASS,2.49303e+00,2.493389e+00,7.849949e-01,7.847282e-01,1.136194e+00,62.7726,3.8824,3.686945e+07,62.7725,62.0149,49.6056
sf,hbt_typ,mos_sf,res_typ,-40,3.63,10u,PASS,2.82323e+00,2.823622e+00,7.850044e-01,7.847571e-01,1.136375e+00,68.9660,3.7571,3.686945e+07,68.9657,66.4438,49.8144
sf,hbt_typ,mos_sf,res_typ,27,2.97,10u,PASS,2.19223e+00,2.192553e+00,7.086239e-01,7.082086e-01,1.165152e+00,58.8578,3.9568,3.414549e+07,58.8577,58.5408,49.3743
sf,hbt_typ,mos_sf,res_typ,27,3.30,10u,PASS,2.52245e+00,2.522800e+00,7.086351e-01,7.082428e-01,1.165445e+00,64.1978,3.9152,3.686945e+07,64.1977,63.202,49.7703
sf,hbt_typ,mos_sf,res_typ,27,3.63,10u,PASS,2.85269e+00,2.853076e+00,7.086396e-01,7.082566e-01,1.165537e+00,79.4408,3.8486,3.686945e+07,79.4371,69.6065,49.9366
sf,hbt_typ,mos_sf,res_typ,125,2.97,10u,PASS,2.25121e+00,2.251541e+00,5.903875e-01,5.897682e-01,1.205410e+00,58.0919,4.0825,3.414549e+07,58.0919,57.8563,49.7254
sf,hbt_typ,mos_sf,res_typ,125,3.30,10u,PASS,2.58148e+00,2.581844e+00,5.903924e-01,5.897833e-01,1.205656e+00,74.0035,4.1167,3.414549e+07,74.0025,68.866,50.2428
sf,hbt_typ,mos_sf,res_typ,125,3.63,10u,PASS,2.91182e+00,2.912214e+00,5.903834e-01,5.897560e-01,1.205488e+00,57.4921,4.1621,3.414549e+07,57.4921,57.2634,49.2855
fs,hbt_typ,mos_fs,res_typ,-40,2.97,10u,PASS,2.10681e+00,2.107143e+00,7.849758e-01,7.846698e-01,1.135812e+00,59.0583,3.9052,3.414549e+07,59.0583,58.701,49.0987
fs,hbt_typ,mos_fs,res_typ,-40,3.30,10u,PASS,2.43699e+00,2.437358e+00,7.849903e-01,7.847142e-01,1.136130e+00,61.7965,3.8970,3.686945e+07,61.7964,61.1445,49.3041
fs,hbt_typ,mos_fs,res_typ,-40,3.63,10u,PASS,2.76719e+00,2.767586e+00,7.850013e-01,7.847477e-01,1.136340e+00,67.2389,3.7642,3.686945e+07,67.2387,65.2889,49.5002
fs,hbt_typ,mos_fs,res_typ,27,2.97,10u,PASS,2.13640e+00,2.136726e+00,7.086156e-01,7.081834e-01,1.165028e+00,58.0749,3.9571,3.414549e+07,58.0748,57.7964,49.1056
fs,hbt_typ,mos_fs,res_typ,27,3.30,10u,PASS,2.46661e+00,2.466967e+00,7.086288e-01,7.082235e-01,1.165356e+00,62.7761,3.9430,3.686945e+07,62.776,61.9972,49.4829
fs,hbt_typ,mos_fs,res_typ,27,3.63,10u,PASS,2.79685e+00,2.797236e+00,7.086352e-01,7.082431e-01,1.165484e+00,105.1988,3.8696,3.686945e+07,103.909,69.8074,49.6719
fs,hbt_typ,mos_fs,res_typ,125,2.97,10u,PASS,2.19570e+00,2.196025e+00,5.903778e-01,5.897389e-01,1.205269e+00,57.1255,4.1195,3.414549e+07,57.1255,56.9277,49.4152
fs,hbt_typ,mos_fs,res_typ,125,3.30,10u,PASS,2.52595e+00,2.526320e+00,5.903855e-01,5.897624e-01,1.205566e+00,68.9499,4.1525,3.414549e+07,68.9496,66.5282,49.9742
fs,hbt_typ,mos_fs,res_typ,125,3.63,10u,PASS,2.85628e+00,2.856682e+00,5.903792e-01,5.897432e-01,1.205449e+00,58.4765,4.2012,3.414549e+07,58.4765,58.1736,49.184
