corner_label,hbt_section,mos_section,res_section,temp_c,vdd_v,msense_w,status,trim_code,ac_grid,deck,op_check,fb_seed_v,fb_op_v,sns1_op_v,sns2_op_v,vref_op_v,dc_gain_db,crossover_hz,phase_margin_deg,n_crossings,notch_min_db,notch_min_hz,notch_margin_flag,ripple_db
wcs_code0,hbt_wcs,mos_ss,res_wcs,125,2.97,10u,PASS,0,dec_30_1_1e9,probe,seed,2.18312e+00,2.183120e+00,5.973680e-01,5.967520e-01,6.312380e-01,46.3857,4.579659e+07,101.5604,24,-18.9354,8.576959e+08,clear,11.5304
wcs_code32,hbt_wcs,mos_ss,res_wcs,125,2.97,10u,PASS,32,dec_30_1_1e9,probe,seed,2.18312e+00,2.183120e+00,5.973680e-01,5.967520e-01,7.353520e-01,46.3857,4.088269e+07,98.3015,4,-0.5243,4.298662e+07,marginal,0.0035
wcs_code64,hbt_wcs,mos_ss,res_wcs,125,2.97,10u,PASS,64,dec_30_1_1e9,probe,seed,2.18312e+00,2.183120e+00,5.973680e-01,5.967520e-01,8.393020e-01,46.3857,4.093698e+07,97.6263,2,-0.6248,4.641589e+07,marginal,0.2101
wcs_code96,hbt_wcs,mos_ss,res_wcs,125,2.97,10u,PASS,96,dec_30_1_1e9,probe,seed,2.18312e+00,2.183120e+00,5.973680e-01,5.967520e-01,9.430830e-01,46.3857,3.014302e+07,38.8574,22,-18.0187,9.261187e+08,clear,15.6616
wcs_code128,hbt_wcs,mos_ss,res_wcs,125,2.97,10u,PASS,128,dec_30_1_1e9,probe,seed,2.18312e+00,2.183120e+00,5.973680e-01,5.967520e-01,1.046690e+00,46.3857,4.053304e+07,95.7613,2,-0.6781,4.641589e+07,marginal,0.1261
wcs_code160,hbt_wcs,mos_ss,res_wcs,125,2.97,10u,PASS,160,dec_30_1_1e9,probe,seed,2.18312e+00,2.183120e+00,5.973680e-01,5.967520e-01,1.150120e+00,46.3857,3.044933e+07,22.0971,16,-15.1550,5.843414e+08,clear,16.5292
wcs_code192,hbt_wcs,mos_ss,res_wcs,125,2.97,10u,PASS,192,dec_30_1_1e9,probe,seed,2.18312e+00,2.183120e+00,5.973680e-01,5.967520e-01,1.253350e+00,46.3857,2.859513e+07,29.5108,22,-21.6061,5.843414e+08,clear,6.9390
wcs_code224,hbt_wcs,mos_ss,res_wcs,125,2.97,10u,PASS,224,dec_30_1_1e9,probe,seed,2.18312e+00,2.183120e+00,5.973680e-01,5.967520e-01,1.356400e+00,46.3857,4.141821e+07,98.9927,24,-23.3189,6.812921e+08,clear,12.6009
wcs_code255,hbt_wcs,mos_ss,res_wcs,125,2.97,10u,PASS,255,dec_30_1_1e9,probe,seed,2.18312e+00,2.183120e+00,5.973680e-01,5.967520e-01,1.456020e+00,46.3857,4.167653e+07,99.6575,2,-0.4150,4.641589e+07,marginal,0.1186
wcs_code0,hbt_wcs,mos_ss,res_wcs,125,3.30,10u,PASS,0,dec_30_1_1e9,probe,seed,2.51343e+00,2.513430e+00,5.973730e-01,5.967720e-01,6.312550e-01,46.5219,3.976451e+07,90.1714,2,-0.9807,4.641589e+07,marginal,0.1765
wcs_code32,hbt_wcs,mos_ss,res_wcs,125,3.30,10u,PASS,32,dec_30_1_1e9,probe,seed,2.51343e+00,2.513430e+00,5.973730e-01,5.967720e-01,7.354000e-01,46.5219,4.055258e+07,93.8770,4,-0.6466,4.641589e+07,marginal,0.1591
wcs_code64,hbt_wcs,mos_ss,res_wcs,125,3.30,10u,PASS,64,dec_30_1_1e9,probe,seed,2.51343e+00,2.513430e+00,5.973730e-01,5.967720e-01,8.393870e-01,46.5219,4.092023e+07,94.8568,2,-0.7056,4.641589e+07,marginal,0.1849
wcs_code96,hbt_wcs,mos_ss,res_wcs,125,3.30,10u,PASS,96,dec_30_1_1e9,probe,seed,2.51343e+00,2.513430e+00,5.973730e-01,5.967720e-01,9.432150e-01,46.5219,4.162190e+07,97.3738,3,-0.6614,4.641589e+07,marginal,0.1567
wcs_code128,hbt_wcs,mos_ss,res_wcs,125,3.30,10u,PASS,128,dec_30_1_1e9,probe,seed,2.51343e+00,2.513430e+00,5.973730e-01,5.967720e-01,1.046880e+00,46.5219,4.054733e+07,92.9551,2,-0.8012,4.641589e+07,marginal,0.0042
wcs_code160,hbt_wcs,mos_ss,res_wcs,125,3.30,10u,PASS,160,dec_30_1_1e9,probe,seed,2.51343e+00,2.513430e+00,5.973730e-01,5.967720e-01,1.150380e+00,46.5219,4.118404e+07,95.9052,2,-0.8078,4.641589e+07,marginal,0.1597
wcs_code192,hbt_wcs,mos_ss,res_wcs,125,3.30,10u,PASS,192,dec_30_1_1e9,probe,seed,2.51343e+00,2.513430e+00,5.973730e-01,5.967720e-01,1.253710e+00,46.5219,4.077486e+07,94.1405,2,-0.7652,4.641589e+07,marginal,0.0437
wcs_code224,hbt_wcs,mos_ss,res_wcs,125,3.30,10u,PASS,224,dec_30_1_1e9,probe,seed,2.51343e+00,2.513430e+00,5.973730e-01,5.967720e-01,1.356860e+00,46.5219,4.114335e+07,95.0131,2,-0.6725,5.011872e+07,marginal,0.0350
wcs_code255,hbt_wcs,mos_ss,res_wcs,125,3.30,10u,PASS,255,dec_30_1_1e9,probe,seed,2.51343e+00,2.513430e+00,5.973730e-01,5.967720e-01,1.456610e+00,46.5219,4.204660e+07,98.8470,2,-0.5184,5.011872e+07,marginal,0.0586
wcs_code0,hbt_wcs,mos_ss,res_wcs,125,3.63,10u,PASS,0,dec_30_1_1e9,probe,seed,2.84379e+00,2.843790e+00,5.973640e-01,5.967530e-01,6.312450e-01,46.1087,3.970106e+07,87.0315,2,-1.1918,4.641589e+07,clear,0.3410
wcs_code32,hbt_wcs,mos_ss,res_wcs,125,3.63,10u,PASS,32,dec_30_1_1e9,probe,seed,2.84379e+00,2.843790e+00,5.973640e-01,5.967530e-01,7.353670e-01,46.1087,4.085122e+07,92.6526,2,-0.8616,4.641589e+07,marginal,0.1159
wcs_code64,hbt_wcs,mos_ss,res_wcs,125,3.63,10u,PASS,64,dec_30_1_1e9,probe,seed,2.84379e+00,2.843790e+00,5.973640e-01,5.967530e-01,8.393300e-01,46.1087,4.117118e+07,93.2461,2,-0.8808,5.011872e+07,marginal,0.1482
wcs_code96,hbt_wcs,mos_ss,res_wcs,125,3.63,10u,PASS,96,dec_30_1_1e9,probe,seed,2.84379e+00,2.843790e+00,5.973640e-01,5.967530e-01,9.431390e-01,46.1087,4.125225e+07,92.9212,2,-0.8083,4.641589e+07,marginal,0.1666
wcs_code128,hbt_wcs,mos_ss,res_wcs,125,3.63,10u,PASS,128,dec_30_1_1e9,probe,seed,2.84379e+00,2.843790e+00,5.973640e-01,5.967530e-01,1.046790e+00,46.1087,4.047038e+07,89.4528,2,-1.1470,4.641589e+07,clear,0.2466
wcs_code160,hbt_wcs,mos_ss,res_wcs,125,3.63,10u,PASS,160,dec_30_1_1e9,probe,seed,2.84379e+00,2.843790e+00,5.973640e-01,5.967530e-01,1.150290e+00,46.1087,4.095693e+07,91.8964,2,-0.8051,4.641589e+07,marginal,0.0133
wcs_code192,hbt_wcs,mos_ss,res_wcs,125,3.63,10u,PASS,192,dec_30_1_1e9,probe,seed,2.84379e+00,2.843790e+00,5.973640e-01,5.967530e-01,1.253630e+00,46.1087,4.099147e+07,91.8687,2,-1.0216,4.641589e+07,clear,0.1454
wcs_code224,hbt_wcs,mos_ss,res_wcs,125,3.63,10u,PASS,224,dec_30_1_1e9,probe,seed,2.84379e+00,2.843790e+00,5.973640e-01,5.967530e-01,1.356810e+00,46.1087,4.125089e+07,92.6948,2,-0.8073,5.011872e+07,marginal,0.0336
wcs_code255,hbt_wcs,mos_ss,res_wcs,125,3.63,10u,PASS,255,dec_30_1_1e9,probe,seed,2.84379e+00,2.843790e+00,5.973640e-01,5.967530e-01,1.456600e+00,46.1087,4.240955e+07,98.1967,4,-0.8519,4.641589e+07,marginal,0.2429
wcs_code0,hbt_wcs,mos_ss,res_wcs,-40,3.63,10u,PASS,0,dec_30_1_1e9,probe,seed,2.74886e+00,2.748860e+00,7.888130e-01,7.885640e-01,8.084990e-01,47.5051,3.993100e+07,81.9360,2,-1.4355,4.641589e+07,clear,0.0388
wcs_code32,hbt_wcs,mos_ss,res_wcs,-40,3.63,10u,PASS,32,dec_30_1_1e9,probe,seed,2.74886e+00,2.748860e+00,7.888130e-01,7.885640e-01,8.688760e-01,47.5051,4.053583e+07,85.1546,2,-1.2413,4.641589e+07,clear,0.0627
wcs_code64,hbt_wcs,mos_ss,res_wcs,-40,3.63,10u,PASS,64,dec_30_1_1e9,probe,seed,2.74886e+00,2.748860e+00,7.888130e-01,7.885640e-01,9.291750e-01,47.5051,4.092659e+07,86.0546,2,-1.2627,5.011872e+07,clear,0.0351
wcs_code96,hbt_wcs,mos_ss,res_wcs,-40,3.63,10u,PASS,96,dec_30_1_1e9,probe,seed,2.74886e+00,2.748860e+00,7.888130e-01,7.885640e-01,9.893960e-01,47.5051,4.115935e+07,87.0612,2,-1.1698,5.011872e+07,clear,0.0660
wcs_code128,hbt_wcs,mos_ss,res_wcs,-40,3.63,10u,PASS,128,dec_30_1_1e9,probe,seed,2.74886e+00,2.748860e+00,7.888130e-01,7.885640e-01,1.049540e+00,47.5051,4.048315e+07,83.4876,2,-1.3855,5.011872e+07,clear,0.0801
wcs_code160,hbt_wcs,mos_ss,res_wcs,-40,3.63,10u,PASS,160,dec_30_1_1e9,probe,seed,2.74886e+00,2.748860e+00,7.888130e-01,7.885640e-01,1.109610e+00,47.5051,4.078342e+07,85.2513,2,-1.2552,4.641589e+07,clear,0.0198
wcs_code192,hbt_wcs,mos_ss,res_wcs,-40,3.63,10u,PASS,192,dec_30_1_1e9,probe,seed,2.74886e+00,2.748860e+00,7.888130e-01,7.885640e-01,1.169590e+00,47.5051,4.085334e+07,84.9941,2,-1.2903,5.011872e+07,clear,0.2721
wcs_code224,hbt_wcs,mos_ss,res_wcs,-40,3.63,10u,PASS,224,dec_30_1_1e9,probe,seed,2.74886e+00,2.748860e+00,7.888130e-01,7.885640e-01,1.229500e+00,47.5051,4.097940e+07,85.5060,2,-1.2598,5.011872e+07,clear,0.0989
wcs_code255,hbt_wcs,mos_ss,res_wcs,-40,3.63,10u,PASS,255,dec_30_1_1e9,probe,seed,2.74886e+00,2.748860e+00,7.888130e-01,7.885640e-01,1.287470e+00,47.5051,4.140049e+07,87.9727,2,-1.1163,5.011872e+07,clear,0.0405
wcs_code0,hbt_wcs,mos_ss,res_wcs,27,3.63,10u,PASS,0,dec_30_1_1e9,probe,seed,2.78075e+00,2.780750e+00,7.137100e-01,7.133300e-01,7.390940e-01,46.9783,4.082331e+07,85.0660,2,-1.2577,5.011872e+07,clear,0.0781
wcs_code32,hbt_wcs,mos_ss,res_wcs,27,3.63,10u,PASS,32,dec_30_1_1e9,probe,seed,2.78075e+00,2.780750e+00,7.137100e-01,7.133300e-01,8.171130e-01,46.9783,4.150821e+07,88.2033,2,-1.1007,5.011872e+07,clear,0.0935
wcs_code64,hbt_wcs,mos_ss,res_wcs,27,3.63,10u,PASS,64,dec_30_1_1e9,probe,seed,2.78075e+00,2.780750e+00,7.137100e-01,7.133300e-01,8.950220e-01,46.9783,4.167909e+07,88.0720,2,-1.1367,5.011872e+07,clear,0.1521
wcs_code96,hbt_wcs,mos_ss,res_wcs,27,3.63,10u,PASS,96,dec_30_1_1e9,probe,seed,2.78075e+00,2.780750e+00,7.137100e-01,7.133300e-01,9.728240e-01,46.9783,4.208200e+07,90.0833,2,-1.0423,5.011872e+07,clear,0.1562
wcs_code128,hbt_wcs,mos_ss,res_wcs,27,3.63,10u,PASS,128,dec_30_1_1e9,probe,seed,2.78075e+00,2.780750e+00,7.137100e-01,7.133300e-01,1.050520e+00,46.9783,4.139336e+07,86.4597,2,-1.1908,5.011872e+07,clear,0.0795
wcs_code160,hbt_wcs,mos_ss,res_wcs,27,3.63,10u,PASS,160,dec_30_1_1e9,probe,seed,2.78075e+00,2.780750e+00,7.137100e-01,7.133300e-01,1.128110e+00,46.9783,4.158654e+07,87.6724,2,-1.1498,5.011872e+07,clear,0.1216
wcs_code192,hbt_wcs,mos_ss,res_wcs,27,3.63,10u,PASS,192,dec_30_1_1e9,probe,seed,2.78075e+00,2.780750e+00,7.137100e-01,7.133300e-01,1.205580e+00,46.9783,4.164058e+07,87.0815,2,-1.1666,5.011872e+07,clear,0.1556
wcs_code224,hbt_wcs,mos_ss,res_wcs,27,3.63,10u,PASS,224,dec_30_1_1e9,probe,seed,2.78075e+00,2.780750e+00,7.137100e-01,7.133300e-01,1.282950e+00,46.9783,4.189757e+07,88.2995,2,-1.1127,5.011872e+07,clear,0.1505
wcs_code255,hbt_wcs,mos_ss,res_wcs,27,3.63,10u,PASS,255,dec_30_1_1e9,probe,seed,2.78075e+00,2.780750e+00,7.137100e-01,7.133300e-01,1.357800e+00,46.9783,4.230961e+07,90.3718,2,-0.9646,5.011872e+07,marginal,0.1550
wcs_code0,hbt_wcs,mos_ss,res_wcs,-40,3.30,10u,PASS,0,dec_30_1_1e9,probe,seed,2.41862e+00,2.418620e+00,7.888050e-01,7.885350e-01,8.084760e-01,47.5977,3.978119e+07,85.3518,2,-1.1625,4.641589e+07,clear,0.0219
wcs_code32,hbt_wcs,mos_ss,res_wcs,-40,3.30,10u,PASS,32,dec_30_1_1e9,probe,seed,2.41862e+00,2.418620e+00,7.888050e-01,7.885350e-01,8.688200e-01,47.5977,4.052612e+07,89.4537,2,-1.0107,4.641589e+07,clear,0.0568
wcs_code64,hbt_wcs,mos_ss,res_wcs,-40,3.30,10u,PASS,64,dec_30_1_1e9,probe,seed,2.41862e+00,2.418620e+00,7.888050e-01,7.885350e-01,9.290850e-01,47.5977,4.077518e+07,89.7250,2,-1.0092,4.641589e+07,clear,0.0404
wcs_code96,hbt_wcs,mos_ss,res_wcs,-40,3.30,10u,PASS,96,dec_30_1_1e9,probe,seed,2.41862e+00,2.418620e+00,7.888050e-01,7.885350e-01,9.892710e-01,47.5977,4.122741e+07,91.6289,2,-0.9334,5.011872e+07,marginal,0.0541
wcs_code128,hbt_wcs,mos_ss,res_wcs,-40,3.30,10u,PASS,128,dec_30_1_1e9,probe,seed,2.41862e+00,2.418620e+00,7.888050e-01,7.885350e-01,1.049380e+00,47.5977,4.030288e+07,86.9201,2,-1.1655,5.011872e+07,clear,0.0172
wcs_code160,hbt_wcs,mos_ss,res_wcs,-40,3.30,10u,PASS,160,dec_30_1_1e9,probe,seed,2.41862e+00,2.418620e+00,7.888050e-01,7.885350e-01,1.109400e+00,47.5977,4.081047e+07,89.4674,2,-1.0398,4.641589e+07,clear,0.0754
wcs_code192,hbt_wcs,mos_ss,res_wcs,-40,3.30,10u,PASS,192,dec_30_1_1e9,probe,seed,2.41862e+00,2.418620e+00,7.888050e-01,7.885350e-01,1.169350e+00,47.5977,4.055969e+07,87.9452,2,-1.1095,4.641589e+07,clear,0.0542
wcs_code224,hbt_wcs,mos_ss,res_wcs,-40,3.30,10u,PASS,224,dec_30_1_1e9,probe,seed,2.41862e+00,2.418620e+00,7.888050e-01,7.885350e-01,1.229220e+00,47.5977,4.100171e+07,90.0871,2,-0.9954,5.011872e+07,marginal,0.0452
wcs_code255,hbt_wcs,mos_ss,res_wcs,-40,3.30,10u,PASS,255,dec_30_1_1e9,probe,seed,2.41862e+00,2.418620e+00,7.888050e-01,7.885350e-01,1.287130e+00,47.5977,4.144215e+07,92.1430,2,-0.8745,4.641589e+07,marginal,0.0623
fs_code0,hbt_typ,mos_fs,res_typ,-40,3.63,10u,PASS,0,dec_30_1_1e9,probe,seed,2.76941e+00,2.769410e+00,7.845540e-01,7.843040e-01,8.043170e-01,47.0465,4.284469e+07,85.3492,2,-1.2474,5.411695e+07,clear,0.0370
fs_code32,hbt_typ,mos_fs,res_typ,-40,3.63,10u,PASS,32,dec_30_1_1e9,probe,seed,2.76941e+00,2.769410e+00,7.845540e-01,7.843040e-01,8.651260e-01,47.0465,4.374539e+07,89.4981,2,-1.0229,5.011872e+07,clear,0.1596
fs_code64,hbt_typ,mos_fs,res_typ,-40,3.63,10u,PASS,64,dec_30_1_1e9,probe,seed,2.76941e+00,2.769410e+00,7.845540e-01,7.843040e-01,9.258560e-01,47.0465,4.396782e+07,89.9106,2,-0.9931,5.411695e+07,marginal,0.0101
fs_code96,hbt_typ,mos_fs,res_typ,-40,3.63,10u,PASS,96,dec_30_1_1e9,probe,seed,2.76941e+00,2.769410e+00,7.845540e-01,7.843040e-01,9.865090e-01,47.0465,4.449474e+07,91.4247,2,-0.9393,5.411695e+07,marginal,0.0326
fs_code128,hbt_typ,mos_fs,res_typ,-40,3.63,10u,PASS,128,dec_30_1_1e9,probe,seed,2.76941e+00,2.769410e+00,7.845540e-01,7.843040e-01,1.047080e+00,47.0465,4.348775e+07,86.9225,2,-1.1684,5.411695e+07,clear,0.0549
fs_code160,hbt_typ,mos_fs,res_typ,-40,3.63,10u,PASS,160,dec_30_1_1e9,probe,seed,2.76941e+00,2.769410e+00,7.845540e-01,7.843040e-01,1.107580e+00,47.0465,4.391216e+07,89.0395,2,-1.0858,5.011872e+07,clear,0.0335
fs_code192,hbt_typ,mos_fs,res_typ,-40,3.63,10u,PASS,192,dec_30_1_1e9,probe,seed,2.76941e+00,2.769410e+00,7.845540e-01,7.843040e-01,1.168000e+00,47.0465,4.386543e+07,88.7828,2,-1.0674,5.411695e+07,clear,0.1605
fs_code224,hbt_typ,mos_fs,res_typ,-40,3.63,10u,PASS,224,dec_30_1_1e9,probe,seed,2.76941e+00,2.769410e+00,7.845540e-01,7.843040e-01,1.228350e+00,47.0465,4.415408e+07,89.8830,2,-1.0474,5.011872e+07,clear,0.0339
fs_code255,hbt_typ,mos_fs,res_typ,-40,3.63,10u,PASS,255,dec_30_1_1e9,probe,seed,2.76941e+00,2.769410e+00,7.845540e-01,7.843040e-01,1.286730e+00,47.0465,4.469766e+07,92.3156,2,-0.9096,5.411695e+07,marginal,0.0695
wcs_code0_fine,hbt_wcs,mos_ss,res_wcs,125,2.97,10u,PASS,0,dec_300_1_1e9,probe,seed,2.18312e+00,2.183120e+00,5.973680e-01,5.967520e-01,6.312380e-01,46.3857,2.773450e+07,23.7781,228,-20.2811,9.847667e+08,clear,18.4540
wcs_code32_fine,hbt_wcs,mos_ss,res_wcs,125,2.97,10u,PASS,32,dec_300_1_1e9,probe,seed,2.18312e+00,2.183120e+00,5.973680e-01,5.967520e-01,7.353520e-01,46.3857,4.008803e+07,94.7692,8,-1.4678,9.120108e+08,clear,0.3201
wcs_code64_fine,hbt_wcs,mos_ss,res_wcs,125,2.97,10u,PASS,64,dec_300_1_1e9,probe,seed,2.18312e+00,2.183120e+00,5.973680e-01,5.967520e-01,8.393020e-01,46.3857,4.110005e+07,98.0712,12,-0.6712,4.823178e+07,marginal,0.3670
wcs_code96_fine,hbt_wcs,mos_ss,res_wcs,125,2.97,10u,PASS,96,dec_300_1_1e9,probe,seed,2.18312e+00,2.183120e+00,5.973680e-01,5.967520e-01,9.430830e-01,46.3857,2.814605e+07,29.1802,221,-19.8971,9.476908e+08,clear,21.9793
wcs_code128_fine,hbt_wcs,mos_ss,res_wcs,125,2.97,10u,PASS,128,dec_300_1_1e9,probe,seed,2.18312e+00,2.183120e+00,5.973680e-01,5.967520e-01,1.046690e+00,46.3857,4.028814e+07,94.6443,2,-0.8145,4.432683e+07,marginal,0.3599
wcs_code160_fine,hbt_wcs,mos_ss,res_wcs,125,2.97,10u,PASS,160,dec_300_1_1e9,probe,seed,2.18312e+00,2.183120e+00,5.973680e-01,5.967520e-01,1.150120e+00,46.3857,2.753998e+07,24.2677,211,-21.2526,5.666741e+08,clear,17.6948
wcs_code192_fine,hbt_wcs,mos_ss,res_wcs,125,2.97,10u,PASS,192,dec_300_1_1e9,probe,seed,2.18312e+00,2.183120e+00,5.973680e-01,5.967520e-01,1.253350e+00,46.3857,2.774195e+07,25.4881,210,-22.2976,6.213458e+08,clear,20.6687
wcs_code224_fine,hbt_wcs,mos_ss,res_wcs,125,2.97,10u,PASS,224,dec_300_1_1e9,probe,seed,2.18312e+00,2.183120e+00,5.973680e-01,5.967520e-01,1.356400e+00,46.3857,2.774201e+07,26.1961,221,-22.2900,6.213458e+08,clear,24.8531
wcs_code255_fine,hbt_wcs,mos_ss,res_wcs,125,2.97,10u,PASS,255,dec_300_1_1e9,probe,seed,2.18312e+00,2.183120e+00,5.973680e-01,5.967520e-01,1.456020e+00,46.3857,4.210601e+07,102.0614,7,-1.4970,9.120108e+08,clear,0.3923
wcs_code0_fine,hbt_wcs,mos_ss,res_wcs,125,3.30,10u,PASS,0,dec_300_1_1e9,probe,seed,2.51343e+00,2.513430e+00,5.973730e-01,5.967720e-01,6.312550e-01,46.5219,3.980040e+07,90.6137,2,-1.0024,4.749705e+07,clear,0.4557
wcs_code128_fine,hbt_wcs,mos_ss,res_wcs,125,3.30,10u,PASS,128,dec_300_1_1e9,probe,seed,2.51343e+00,2.513430e+00,5.973730e-01,5.967720e-01,1.046880e+00,46.5219,4.023952e+07,91.3963,5,-1.4709,9.120108e+08,clear,0.5249
wcs_code255_fine,hbt_wcs,mos_ss,res_wcs,125,3.30,10u,PASS,255,dec_300_1_1e9,probe,seed,2.51343e+00,2.513430e+00,5.973730e-01,5.967720e-01,1.456610e+00,46.5219,4.157160e+07,97.1283,4,-0.6846,4.897788e+07,marginal,0.4828
wcs_code0_np,hbt_wcs,mos_ss,res_wcs,125,2.97,10u,PASS,0,dec_30_1_1e9,np,twin_dc_gain,2.18312e+00,,,,,46.3857,3.960451e+07,92.9544,2,-0.7648,4.641589e+07,marginal,0.1073
wcs_code32_np,hbt_wcs,mos_ss,res_wcs,125,2.97,10u,PASS,32,dec_30_1_1e9,np,twin_dc_gain,2.18312e+00,,,,,46.3857,4.083865e+07,98.1716,20,-18.9477,8.576959e+08,clear,4.0985
wcs_code64_np,hbt_wcs,mos_ss,res_wcs,125,2.97,10u,PASS,64,dec_30_1_1e9,np,twin_dc_gain,2.18312e+00,,,,,46.3857,3.725902e+07,102.1069,14,-14.8422,6.309573e+08,clear,6.9376
wcs_code96_np,hbt_wcs,mos_ss,res_wcs,125,2.97,10u,PASS,96,dec_30_1_1e9,np,twin_dc_gain,2.18312e+00,,,,,46.3857,4.170384e+07,101.0459,2,-0.5125,4.641589e+07,marginal,0.0876
wcs_code128_np,hbt_wcs,mos_ss,res_wcs,125,2.97,10u,PASS,128,dec_30_1_1e9,np,twin_dc_gain,2.18312e+00,,,,,46.3857,3.016466e+07,36.3046,20,-21.5902,5.843414e+08,clear,15.0336
wcs_code160_np,hbt_wcs,mos_ss,res_wcs,125,2.97,10u,PASS,160,dec_30_1_1e9,np,twin_dc_gain,2.18312e+00,,,,,46.3857,4.130853e+07,99.5816,2,-0.5538,4.641589e+07,marginal,0.1255
wcs_code192_np,hbt_wcs,mos_ss,res_wcs,125,2.97,10u,PASS,192,dec_30_1_1e9,np,twin_dc_gain,2.18312e+00,,,,,46.3857,4.035818e+07,94.2623,2,-0.6413,4.641589e+07,marginal,0.2445
wcs_code224_np,hbt_wcs,mos_ss,res_wcs,125,2.97,10u,PASS,224,dec_30_1_1e9,np,twin_dc_gain,2.18312e+00,,,,,46.3857,4.110481e+07,97.1929,2,-0.5358,4.641589e+07,marginal,0.1697
wcs_code255_np,hbt_wcs,mos_ss,res_wcs,125,2.97,10u,PASS,255,dec_30_1_1e9,np,twin_dc_gain,2.18312e+00,,,,,46.3857,4.176900e+07,100.2365,2,-0.2731,4.298662e+07,marginal,0.0335
wcs_code0_np_fine,hbt_wcs,mos_ss,res_wcs,125,2.97,10u,PASS,0,dec_300_1_1e9,np,twin_dc_gain,2.18312e+00,,,,,46.3857,3.972069e+07,93.5062,4,-0.7927,4.535933e+07,marginal,0.6643
wcs_code32_np_fine,hbt_wcs,mos_ss,res_wcs,125,2.97,10u,PASS,32,dec_300_1_1e9,np,twin_dc_gain,2.18312e+00,,,,,46.3857,2.733091e+07,23.3866,228,-27.2771,9.772372e+08,clear,19.9932
wcs_code64_np_fine,hbt_wcs,mos_ss,res_wcs,125,2.97,10u,PASS,64,dec_300_1_1e9,np,twin_dc_gain,2.18312e+00,,,,,46.3857,2.753666e+07,24.4469,203,-21.7807,5.933806e+08,clear,17.4564
wcs_code96_np_fine,hbt_wcs,mos_ss,res_wcs,125,2.97,10u,PASS,96,dec_300_1_1e9,np,twin_dc_gain,2.18312e+00,,,,,46.3857,4.144404e+07,99.5888,10,-2.3038,9.549926e+08,clear,0.4727
wcs_code128_np_fine,hbt_wcs,mos_ss,res_wcs,125,2.97,10u,PASS,128,dec_300_1_1e9,np,twin_dc_gain,2.18312e+00,,,,,46.3857,2.753936e+07,23.8021,206,-22.0270,6.072022e+08,clear,20.5376
wcs_code160_np_fine,hbt_wcs,mos_ss,res_wcs,125,2.97,10u,PASS,160,dec_300_1_1e9,np,twin_dc_gain,2.18312e+00,,,,,46.3857,4.069499e+07,96.1533,10,-1.5061,9.120108e+08,clear,0.6271
wcs_code192_np_fine,hbt_wcs,mos_ss,res_wcs,125,2.97,10u,PASS,192,dec_300_1_1e9,np,twin_dc_gain,2.18312e+00,,,,,46.3857,4.092949e+07,97.0954,4,-0.7782,4.786301e+07,marginal,0.3558
wcs_code224_np_fine,hbt_wcs,mos_ss,res_wcs,125,2.97,10u,PASS,224,dec_300_1_1e9,np,twin_dc_gain,2.18312e+00,,,,,46.3857,4.123787e+07,98.3907,4,-0.7315,4.749705e+07,marginal,0.5246
wcs_code255_np_fine,hbt_wcs,mos_ss,res_wcs,125,2.97,10u,PASS,255,dec_300_1_1e9,np,twin_dc_gain,2.18312e+00,,,,,46.3857,4.128102e+07,98.3967,6,-0.6245,4.606100e+07,marginal,0.3676
