corner_label,vdd_v,scope,box_tc_128_ppm_c,delta_code,box_tc_code_ppm_c,delta_ppm_c,drift_pct_of_target,gate_ppm_c,gate_status
typ,2.97,near,31.048,127,37.654,6.606,0.0647,17.86,OK
typ,2.97,near,31.048,129,24.999,6.049,0.0593,17.86,OK
typ,3.30,near,31.395,127,38.005,6.610,0.0648,17.86,OK
typ,3.30,near,31.395,129,25.334,6.061,0.0594,17.86,OK
typ,3.63,near,32.786,127,39.516,6.730,0.0660,17.86,OK
typ,3.63,near,32.786,129,26.729,6.057,0.0594,17.86,OK
bcs,2.97,near,36.536,127,43.623,7.087,0.0695,17.86,OK
bcs,2.97,near,36.536,129,30.209,6.327,0.0620,17.86,OK
bcs,3.30,near,36.968,127,44.055,7.087,0.0695,17.86,OK
bcs,3.30,near,36.968,129,30.630,6.338,0.0621,17.86,OK
bcs,3.63,near,38.610,127,45.695,7.085,0.0694,17.86,OK
bcs,3.63,near,38.610,129,32.142,6.468,0.0634,17.86,OK
wcs,2.97,near,20.187,127,25.821,5.634,0.0552,17.86,OK
wcs,2.97,near,20.187,129,15.471,4.716,0.0462,17.86,OK
wcs,3.30,near,20.430,127,26.082,5.652,0.0554,17.86,OK
wcs,3.30,near,20.430,129,15.709,4.721,0.0463,17.86,OK
wcs,3.63,near,21.496,127,27.322,5.826,0.0571,17.86,OK
wcs,3.63,near,21.496,129,16.778,4.718,0.0462,17.86,OK
sf,2.97,near,30.999,127,37.580,6.581,0.0645,17.86,OK
sf,2.97,near,30.999,129,24.940,6.059,0.0594,17.86,OK
sf,3.30,near,31.375,127,37.966,6.591,0.0646,17.86,OK
sf,3.30,near,31.375,129,25.316,6.059,0.0594,17.86,OK
sf,3.63,near,32.802,127,39.518,6.716,0.0658,17.86,OK
sf,3.63,near,32.802,129,26.752,6.050,0.0593,17.86,OK
fs,2.97,near,31.109,127,37.739,6.630,0.0650,17.86,OK
fs,2.97,near,31.109,129,25.052,6.057,0.0594,17.86,OK
fs,3.30,near,31.409,127,38.044,6.635,0.0650,17.86,OK
fs,3.30,near,31.409,129,25.347,6.062,0.0594,17.86,OK
fs,3.63,near,32.754,127,39.508,6.754,0.0662,17.86,OK
fs,3.63,near,32.754,129,26.707,6.047,0.0593,17.86,OK
typ,3.30,far,31.395,0,1489.811,1458.416,14.2925,17.86,n/a
typ,3.30,far,31.395,64,629.494,598.099,5.8614,17.86,n/a
typ,3.30,far,31.395,192,413.826,382.431,3.7478,17.86,n/a
typ,3.30,far,31.395,255,748.743,717.348,7.0300,17.86,n/a
bcs,3.30,far,36.968,0,1272.126,1235.158,12.1045,17.86,n/a
bcs,3.30,far,36.968,64,535.695,498.727,4.8875,17.86,n/a
bcs,3.30,far,36.968,192,352.973,316.005,3.0968,17.86,n/a
bcs,3.30,far,36.968,255,637.247,600.279,5.8827,17.86,n/a
wcs,3.30,far,20.430,0,1453.245,1432.815,14.0416,17.86,n/a
wcs,3.30,far,20.430,64,607.419,586.989,5.7525,17.86,n/a
wcs,3.30,far,20.430,192,424.124,403.694,3.9562,17.86,n/a
wcs,3.30,far,20.430,255,756.614,736.184,7.2146,17.86,n/a
