corner_label,hbt_section,mos_section,res_section,temp_c,vdd_v,msense_w,status,trim_code,fb_v,sns1_v,sns2_v,det_v,i_mkfb_a,dvsns_v,vref_v,vbeq3_v
typ_code0,hbt_typ,mos_tt,res_typ,27,2.97,10u,PASS,0,2.166563e+00,7.081334e-01,7.077146e-01,7.633443e-03,8.152978e-14,0.0004188,7.336548e-01,7.087807e-01
typ_code1,hbt_typ,mos_tt,res_typ,27,2.97,10u,PASS,1,2.166563e+00,7.081334e-01,7.077146e-01,7.633443e-03,8.152980e-14,0.0004188,7.361104e-01,7.087801e-01
typ_code2,hbt_typ,mos_tt,res_typ,27,2.97,10u,PASS,2,2.166563e+00,7.081334e-01,7.077146e-01,7.633443e-03,8.152978e-14,0.0004188,7.385658e-01,7.087795e-01
typ_code4,hbt_typ,mos_tt,res_typ,27,2.97,10u,PASS,4,2.166563e+00,7.081334e-01,7.077146e-01,7.633443e-03,8.152978e-14,0.0004188,7.434763e-01,7.087783e-01
typ_code8,hbt_typ,mos_tt,res_typ,27,2.97,10u,PASS,8,2.166563e+00,7.081334e-01,7.077146e-01,7.633443e-03,8.152978e-14,0.0004188,7.532959e-01,7.087760e-01
typ_code16,hbt_typ,mos_tt,res_typ,27,2.97,10u,PASS,16,2.166563e+00,7.081334e-01,7.077146e-01,7.633443e-03,8.152979e-14,0.0004188,7.729299e-01,7.087712e-01
typ_code32,hbt_typ,mos_tt,res_typ,27,2.97,10u,PASS,32,2.166563e+00,7.081334e-01,7.077146e-01,7.633443e-03,8.152979e-14,0.0004188,8.121767e-01,7.087617e-01
typ_code64,hbt_typ,mos_tt,res_typ,27,2.97,10u,PASS,64,2.166563e+00,7.081334e-01,7.077146e-01,7.633443e-03,8.152980e-14,0.0004188,8.905847e-01,7.087424e-01
typ_code128,hbt_typ,mos_tt,res_typ,27,2.97,10u,PASS,128,2.166563e+00,7.081334e-01,7.077146e-01,7.633443e-03,8.152982e-14,0.0004188,1.047052e+00,7.087033e-01
typ_code129,hbt_typ,mos_tt,res_typ,27,2.97,10u,PASS,129,2.166563e+00,7.081334e-01,7.077146e-01,7.633443e-03,8.152982e-14,0.0004188,1.049492e+00,7.087027e-01
typ_code255,hbt_typ,mos_tt,res_typ,27,2.97,10u,PASS,255,2.166563e+00,7.081334e-01,7.077146e-01,7.633443e-03,8.152980e-14,0.0004188,1.356095e+00,7.086223e-01
typ_code0,hbt_typ,mos_tt,res_typ,27,3.30,10u,PASS,0,2.496820e+00,7.081423e-01,7.077483e-01,8.540005e-03,9.682199e-14,0.000394,7.336808e-01,7.087941e-01
typ_code1,hbt_typ,mos_tt,res_typ,27,3.30,10u,PASS,1,2.496820e+00,7.081423e-01,7.077483e-01,8.540005e-03,9.682201e-14,0.000394,7.361376e-01,7.087936e-01
typ_code2,hbt_typ,mos_tt,res_typ,27,3.30,10u,PASS,2,2.496820e+00,7.081423e-01,7.077483e-01,8.540005e-03,9.682199e-14,0.000394,7.385943e-01,7.087930e-01
typ_code4,hbt_typ,mos_tt,res_typ,27,3.30,10u,PASS,4,2.496820e+00,7.081423e-01,7.077483e-01,8.540005e-03,9.682199e-14,0.000394,7.435074e-01,7.087919e-01
typ_code8,hbt_typ,mos_tt,res_typ,27,3.30,10u,PASS,8,2.496820e+00,7.081423e-01,7.077483e-01,8.540005e-03,9.682199e-14,0.000394,7.533322e-01,7.087895e-01
typ_code16,hbt_typ,mos_tt,res_typ,27,3.30,10u,PASS,16,2.496820e+00,7.081423e-01,7.077483e-01,8.540005e-03,9.682202e-14,0.000394,7.729766e-01,7.087849e-01
typ_code32,hbt_typ,mos_tt,res_typ,27,3.30,10u,PASS,32,2.496820e+00,7.081423e-01,7.077483e-01,8.540005e-03,9.682202e-14,0.000394,8.122452e-01,7.087757e-01
typ_code64,hbt_typ,mos_tt,res_typ,27,3.30,10u,PASS,64,2.496820e+00,7.081423e-01,7.077483e-01,8.540005e-03,9.682202e-14,0.000394,8.907002e-01,7.087572e-01
typ_code128,hbt_typ,mos_tt,res_typ,27,3.30,10u,PASS,128,2.496820e+00,7.081423e-01,7.077483e-01,8.540006e-03,9.682203e-14,0.000394,1.047278e+00,7.087198e-01
typ_code129,hbt_typ,mos_tt,res_typ,27,3.30,10u,PASS,129,2.496820e+00,7.081423e-01,7.077483e-01,8.540006e-03,9.682199e-14,0.000394,1.049721e+00,7.087192e-01
typ_code255,hbt_typ,mos_tt,res_typ,27,3.30,10u,PASS,255,2.496820e+00,7.081423e-01,7.077483e-01,8.540005e-03,9.682200e-14,0.000394,1.356633e+00,7.086435e-01
typ_code0,hbt_typ,mos_tt,res_typ,27,3.63,10u,PASS,0,2.827105e+00,7.081445e-01,7.077619e-01,9.460949e-03,1.154870e-13,0.0003826,7.336932e-01,7.088005e-01
typ_code1,hbt_typ,mos_tt,res_typ,27,3.63,10u,PASS,1,2.827105e+00,7.081445e-01,7.077619e-01,9.460949e-03,1.154870e-13,0.0003826,7.361506e-01,7.088000e-01
typ_code2,hbt_typ,mos_tt,res_typ,27,3.63,10u,PASS,2,2.827105e+00,7.081445e-01,7.077619e-01,9.460949e-03,1.154870e-13,0.0003826,7.386078e-01,7.087994e-01
typ_code4,hbt_typ,mos_tt,res_typ,27,3.63,10u,PASS,4,2.827105e+00,7.081445e-01,7.077619e-01,9.460949e-03,1.154870e-13,0.0003826,7.435219e-01,7.087982e-01
typ_code8,hbt_typ,mos_tt,res_typ,27,3.63,10u,PASS,8,2.827105e+00,7.081445e-01,7.077619e-01,9.460949e-03,1.154870e-13,0.0003826,7.533488e-01,7.087958e-01
typ_code16,hbt_typ,mos_tt,res_typ,27,3.63,10u,PASS,16,2.827105e+00,7.081445e-01,7.077619e-01,9.460949e-03,1.154870e-13,0.0003826,7.729974e-01,7.087910e-01
typ_code32,hbt_typ,mos_tt,res_typ,27,3.63,10u,PASS,32,2.827105e+00,7.081445e-01,7.077619e-01,9.460949e-03,1.154870e-13,0.0003826,8.122739e-01,7.087816e-01
typ_code64,hbt_typ,mos_tt,res_typ,27,3.63,10u,PASS,64,2.827105e+00,7.081445e-01,7.077619e-01,9.460949e-03,1.154869e-13,0.0003826,8.907451e-01,7.087629e-01
typ_code128,hbt_typ,mos_tt,res_typ,27,3.63,10u,PASS,128,2.827105e+00,7.081445e-01,7.077619e-01,9.460950e-03,1.154870e-13,0.0003826,1.047364e+00,7.087261e-01
typ_code129,hbt_typ,mos_tt,res_typ,27,3.63,10u,PASS,129,2.827105e+00,7.081445e-01,7.077619e-01,9.460950e-03,1.154870e-13,0.0003826,1.049808e+00,7.087255e-01
typ_code255,hbt_typ,mos_tt,res_typ,27,3.63,10u,PASS,255,2.827105e+00,7.081445e-01,7.077619e-01,9.460949e-03,1.154870e-13,0.0003826,1.356866e+00,7.086527e-01
bcs_code0,hbt_bcs,mos_ff,res_bcs,27,2.97,10u,PASS,0,2.211683e+00,7.046756e-01,7.042535e-01,5.394387e-03,4.186849e-13,0.0004221,7.303486e-01,7.054479e-01
bcs_code1,hbt_bcs,mos_ff,res_bcs,27,2.97,10u,PASS,1,2.211683e+00,7.046756e-01,7.042535e-01,5.394387e-03,4.186849e-13,0.0004221,7.328247e-01,7.054473e-01
bcs_code2,hbt_bcs,mos_ff,res_bcs,27,2.97,10u,PASS,2,2.211683e+00,7.046756e-01,7.042535e-01,5.394387e-03,4.186849e-13,0.0004221,7.353008e-01,7.054468e-01
bcs_code4,hbt_bcs,mos_ff,res_bcs,27,2.97,10u,PASS,4,2.211683e+00,7.046756e-01,7.042535e-01,5.394387e-03,4.186849e-13,0.0004221,7.402525e-01,7.054456e-01
bcs_code8,hbt_bcs,mos_ff,res_bcs,27,2.97,10u,PASS,8,2.211683e+00,7.046756e-01,7.042535e-01,5.394387e-03,4.186849e-13,0.0004221,7.501547e-01,7.054432e-01
bcs_code16,hbt_bcs,mos_ff,res_bcs,27,2.97,10u,PASS,16,2.211683e+00,7.046756e-01,7.042535e-01,5.394387e-03,4.186849e-13,0.0004221,7.699537e-01,7.054385e-01
bcs_code32,hbt_bcs,mos_ff,res_bcs,27,2.97,10u,PASS,32,2.211683e+00,7.046756e-01,7.042535e-01,5.394387e-03,4.186849e-13,0.0004221,8.095305e-01,7.054290e-01
bcs_code64,hbt_bcs,mos_ff,res_bcs,27,2.97,10u,PASS,64,2.211683e+00,7.046756e-01,7.042535e-01,5.394387e-03,4.186850e-13,0.0004221,8.885983e-01,7.054099e-01
bcs_code128,hbt_bcs,mos_ff,res_bcs,27,2.97,10u,PASS,128,2.211683e+00,7.046756e-01,7.042535e-01,5.394387e-03,4.186850e-13,0.0004221,1.046383e+00,7.053710e-01
bcs_code129,hbt_bcs,mos_ff,res_bcs,27,2.97,10u,PASS,129,2.211683e+00,7.046756e-01,7.042535e-01,5.394387e-03,4.186850e-13,0.0004221,1.048845e+00,7.053704e-01
bcs_code255,hbt_bcs,mos_ff,res_bcs,27,2.97,10u,PASS,255,2.211683e+00,7.046756e-01,7.042535e-01,5.394387e-03,4.186850e-13,0.0004221,1.358035e+00,7.052904e-01
bcs_code0,hbt_bcs,mos_ff,res_bcs,27,3.30,10u,PASS,0,2.541943e+00,7.046838e-01,7.042851e-01,6.013540e-03,4.935986e-13,0.0003987,7.303732e-01,7.054606e-01
bcs_code1,hbt_bcs,mos_ff,res_bcs,27,3.30,10u,PASS,1,2.541943e+00,7.046838e-01,7.042851e-01,6.013540e-03,4.935987e-13,0.0003987,7.328506e-01,7.054601e-01
bcs_code2,hbt_bcs,mos_ff,res_bcs,27,3.30,10u,PASS,2,2.541943e+00,7.046838e-01,7.042851e-01,6.013540e-03,4.935986e-13,0.0003987,7.353278e-01,7.054595e-01
bcs_code4,hbt_bcs,mos_ff,res_bcs,27,3.30,10u,PASS,4,2.541943e+00,7.046838e-01,7.042851e-01,6.013540e-03,4.935986e-13,0.0003987,7.402820e-01,7.054584e-01
bcs_code8,hbt_bcs,mos_ff,res_bcs,27,3.30,10u,PASS,8,2.541943e+00,7.046838e-01,7.042851e-01,6.013540e-03,4.935986e-13,0.0003987,7.501892e-01,7.054561e-01
bcs_code16,hbt_bcs,mos_ff,res_bcs,27,3.30,10u,PASS,16,2.541943e+00,7.046838e-01,7.042851e-01,6.013540e-03,4.935986e-13,0.0003987,7.699982e-01,7.054515e-01
bcs_code32,hbt_bcs,mos_ff,res_bcs,27,3.30,10u,PASS,32,2.541943e+00,7.046838e-01,7.042851e-01,6.013540e-03,4.935986e-13,0.0003987,8.095960e-01,7.054423e-01
bcs_code64,hbt_bcs,mos_ff,res_bcs,27,3.30,10u,PASS,64,2.541943e+00,7.046838e-01,7.042851e-01,6.013540e-03,4.935986e-13,0.0003987,8.887090e-01,7.054239e-01
bcs_code128,hbt_bcs,mos_ff,res_bcs,27,3.30,10u,PASS,128,2.541943e+00,7.046838e-01,7.042851e-01,6.013540e-03,4.935986e-13,0.0003987,1.046602e+00,7.053868e-01
bcs_code129,hbt_bcs,mos_ff,res_bcs,27,3.30,10u,PASS,129,2.541943e+00,7.046838e-01,7.042851e-01,6.013540e-03,4.935987e-13,0.0003987,1.049066e+00,7.053862e-01
bcs_code255,hbt_bcs,mos_ff,res_bcs,27,3.30,10u,PASS,255,2.541943e+00,7.046838e-01,7.042851e-01,6.013540e-03,4.935987e-13,0.0003987,1.358562e+00,7.053110e-01
bcs_code0,hbt_bcs,mos_ff,res_bcs,27,3.63,10u,PASS,0,2.872233e+00,7.046852e-01,7.042962e-01,6.637384e-03,5.839708e-13,0.000389,7.303840e-01,7.054662e-01
bcs_code1,hbt_bcs,mos_ff,res_bcs,27,3.63,10u,PASS,1,2.872233e+00,7.046852e-01,7.042962e-01,6.637384e-03,5.839708e-13,0.000389,7.328618e-01,7.054656e-01
bcs_code2,hbt_bcs,mos_ff,res_bcs,27,3.63,10u,PASS,2,2.872233e+00,7.046852e-01,7.042962e-01,6.637384e-03,5.839708e-13,0.000389,7.353396e-01,7.054650e-01
bcs_code4,hbt_bcs,mos_ff,res_bcs,27,3.63,10u,PASS,4,2.872233e+00,7.046852e-01,7.042962e-01,6.637384e-03,5.839708e-13,0.000389,7.402947e-01,7.054638e-01
bcs_code8,hbt_bcs,mos_ff,res_bcs,27,3.63,10u,PASS,8,2.872233e+00,7.046852e-01,7.042962e-01,6.637384e-03,5.839708e-13,0.000389,7.502037e-01,7.054615e-01
bcs_code16,hbt_bcs,mos_ff,res_bcs,27,3.63,10u,PASS,16,2.872233e+00,7.046852e-01,7.042962e-01,6.637384e-03,5.839708e-13,0.000389,7.700163e-01,7.054567e-01
bcs_code32,hbt_bcs,mos_ff,res_bcs,27,3.63,10u,PASS,32,2.872233e+00,7.046852e-01,7.042962e-01,6.637384e-03,5.839708e-13,0.000389,8.096208e-01,7.054474e-01
bcs_code64,hbt_bcs,mos_ff,res_bcs,27,3.63,10u,PASS,64,2.872233e+00,7.046852e-01,7.042962e-01,6.637384e-03,5.839708e-13,0.000389,8.887478e-01,7.054288e-01
bcs_code128,hbt_bcs,mos_ff,res_bcs,27,3.63,10u,PASS,128,2.872233e+00,7.046852e-01,7.042962e-01,6.637385e-03,5.839708e-13,0.000389,1.046678e+00,7.053923e-01
bcs_code129,hbt_bcs,mos_ff,res_bcs,27,3.63,10u,PASS,129,2.872233e+00,7.046852e-01,7.042962e-01,6.637385e-03,5.839708e-13,0.000389,1.049142e+00,7.053917e-01
bcs_code255,hbt_bcs,mos_ff,res_bcs,27,3.63,10u,PASS,255,2.872233e+00,7.046852e-01,7.042962e-01,6.637384e-03,5.839708e-13,0.000389,1.358777e+00,7.053194e-01
wcs_code0,hbt_wcs,mos_ss,res_wcs,27,2.97,10u,PASS,0,2.120216e+00,7.136971e-01,7.132779e-01,1.494272e-02,2.149886e-14,0.0004192,7.390524e-01,7.142084e-01
wcs_code1,hbt_wcs,mos_ss,res_wcs,27,2.97,10u,PASS,1,2.120216e+00,7.136971e-01,7.132779e-01,1.494272e-02,2.149887e-14,0.0004192,7.414903e-01,7.142078e-01
wcs_code2,hbt_wcs,mos_ss,res_wcs,27,2.97,10u,PASS,2,2.120216e+00,7.136971e-01,7.132779e-01,1.494272e-02,2.149886e-14,0.0004192,7.439280e-01,7.142072e-01
wcs_code4,hbt_wcs,mos_ss,res_wcs,27,2.97,10u,PASS,4,2.120216e+00,7.136971e-01,7.132779e-01,1.494272e-02,2.149886e-14,0.0004192,7.488031e-01,7.142060e-01
wcs_code8,hbt_wcs,mos_ss,res_wcs,27,2.97,10u,PASS,8,2.120216e+00,7.136971e-01,7.132779e-01,1.494272e-02,2.149886e-14,0.0004192,7.585519e-01,7.142036e-01
wcs_code16,hbt_wcs,mos_ss,res_wcs,27,2.97,10u,PASS,16,2.120216e+00,7.136971e-01,7.132779e-01,1.494272e-02,2.149885e-14,0.0004192,7.780444e-01,7.141988e-01
wcs_code32,hbt_wcs,mos_ss,res_wcs,27,2.97,10u,PASS,32,2.120216e+00,7.136971e-01,7.132779e-01,1.494272e-02,2.149885e-14,0.0004192,8.170082e-01,7.141893e-01
wcs_code64,hbt_wcs,mos_ss,res_wcs,27,2.97,10u,PASS,64,2.120216e+00,7.136971e-01,7.132779e-01,1.494272e-02,2.149885e-14,0.0004192,8.948505e-01,7.141699e-01
wcs_code128,hbt_wcs,mos_ss,res_wcs,27,2.97,10u,PASS,128,2.120216e+00,7.136971e-01,7.132779e-01,1.494272e-02,2.149886e-14,0.0004192,1.050187e+00,7.141306e-01
wcs_code129,hbt_wcs,mos_ss,res_wcs,27,2.97,10u,PASS,129,2.120216e+00,7.136971e-01,7.132779e-01,1.494272e-02,2.149886e-14,0.0004192,1.052611e+00,7.141300e-01
wcs_code255,hbt_wcs,mos_ss,res_wcs,27,2.97,10u,PASS,255,2.120216e+00,7.136971e-01,7.132779e-01,1.494272e-02,2.149887e-14,0.0004192,1.356996e+00,7.140494e-01
wcs_code0,hbt_wcs,mos_ss,res_wcs,27,3.30,10u,PASS,0,2.450470e+00,7.137067e-01,7.133138e-01,1.698578e-02,2.652756e-14,0.0003929,7.390798e-01,7.142225e-01
wcs_code1,hbt_wcs,mos_ss,res_wcs,27,3.30,10u,PASS,1,2.450470e+00,7.137067e-01,7.133138e-01,1.698578e-02,2.652758e-14,0.0003929,7.415190e-01,7.142220e-01
wcs_code2,hbt_wcs,mos_ss,res_wcs,27,3.30,10u,PASS,2,2.450470e+00,7.137067e-01,7.133138e-01,1.698578e-02,2.652756e-14,0.0003929,7.439580e-01,7.142214e-01
wcs_code4,hbt_wcs,mos_ss,res_wcs,27,3.30,10u,PASS,4,2.450470e+00,7.137067e-01,7.133138e-01,1.698578e-02,2.652756e-14,0.0003929,7.488358e-01,7.142202e-01
wcs_code8,hbt_wcs,mos_ss,res_wcs,27,3.30,10u,PASS,8,2.450470e+00,7.137067e-01,7.133138e-01,1.698578e-02,2.652756e-14,0.0003929,7.585900e-01,7.142179e-01
wcs_code16,hbt_wcs,mos_ss,res_wcs,27,3.30,10u,PASS,16,2.450470e+00,7.137067e-01,7.133138e-01,1.698578e-02,2.652758e-14,0.0003929,7.780934e-01,7.142133e-01
wcs_code32,hbt_wcs,mos_ss,res_wcs,27,3.30,10u,PASS,32,2.450470e+00,7.137067e-01,7.133138e-01,1.698578e-02,2.652758e-14,0.0003929,8.170799e-01,7.142040e-01
wcs_code64,hbt_wcs,mos_ss,res_wcs,27,3.30,10u,PASS,64,2.450470e+00,7.137067e-01,7.133138e-01,1.698578e-02,2.652757e-14,0.0003929,8.949709e-01,7.141854e-01
wcs_code128,hbt_wcs,mos_ss,res_wcs,27,3.30,10u,PASS,128,2.450470e+00,7.137067e-01,7.133138e-01,1.698578e-02,2.652758e-14,0.0003929,1.050422e+00,7.141478e-01
wcs_code129,hbt_wcs,mos_ss,res_wcs,27,3.30,10u,PASS,129,2.450470e+00,7.137067e-01,7.133138e-01,1.698578e-02,2.652760e-14,0.0003929,1.052847e+00,7.141473e-01
wcs_code255,hbt_wcs,mos_ss,res_wcs,27,3.30,10u,PASS,255,2.450470e+00,7.137067e-01,7.133138e-01,1.698578e-02,2.652759e-14,0.0003929,1.357547e+00,7.140713e-01
wcs_code0,hbt_wcs,mos_ss,res_wcs,27,3.63,10u,PASS,0,2.780750e+00,7.137097e-01,7.133299e-01,1.914538e-02,3.311799e-14,0.0003798,7.390938e-01,7.142298e-01
wcs_code1,hbt_wcs,mos_ss,res_wcs,27,3.63,10u,PASS,1,2.780750e+00,7.137097e-01,7.133299e-01,1.914538e-02,3.311799e-14,0.0003798,7.415336e-01,7.142292e-01
wcs_code2,hbt_wcs,mos_ss,res_wcs,27,3.63,10u,PASS,2,2.780750e+00,7.137097e-01,7.133299e-01,1.914538e-02,3.311799e-14,0.0003798,7.439732e-01,7.142286e-01
wcs_code4,hbt_wcs,mos_ss,res_wcs,27,3.63,10u,PASS,4,2.780750e+00,7.137097e-01,7.133299e-01,1.914538e-02,3.311799e-14,0.0003798,7.488522e-01,7.142274e-01
wcs_code8,hbt_wcs,mos_ss,res_wcs,27,3.63,10u,PASS,8,2.780750e+00,7.137097e-01,7.133299e-01,1.914538e-02,3.311799e-14,0.0003798,7.586089e-01,7.142250e-01
wcs_code16,hbt_wcs,mos_ss,res_wcs,27,3.63,10u,PASS,16,2.780750e+00,7.137097e-01,7.133299e-01,1.914538e-02,3.311800e-14,0.0003798,7.781169e-01,7.142202e-01
wcs_code32,hbt_wcs,mos_ss,res_wcs,27,3.63,10u,PASS,32,2.780750e+00,7.137097e-01,7.133299e-01,1.914538e-02,3.311800e-14,0.0003798,8.171125e-01,7.142107e-01
wcs_code64,hbt_wcs,mos_ss,res_wcs,27,3.63,10u,PASS,64,2.780750e+00,7.137097e-01,7.133299e-01,1.914538e-02,3.311799e-14,0.0003798,8.950220e-01,7.141920e-01
wcs_code128,hbt_wcs,mos_ss,res_wcs,27,3.63,10u,PASS,128,2.780750e+00,7.137097e-01,7.133299e-01,1.914538e-02,3.311800e-14,0.0003798,1.050519e+00,7.141549e-01
wcs_code129,hbt_wcs,mos_ss,res_wcs,27,3.63,10u,PASS,129,2.780750e+00,7.137097e-01,7.133299e-01,1.914538e-02,3.311802e-14,0.0003798,1.052945e+00,7.141544e-01
wcs_code255,hbt_wcs,mos_ss,res_wcs,27,3.63,10u,PASS,255,2.780750e+00,7.137097e-01,7.133299e-01,1.914538e-02,3.311798e-14,0.0003798,1.357798e+00,7.140813e-01
sf_code0,hbt_typ,mos_sf,res_typ,27,2.97,10u,PASS,0,2.194665e+00,7.080853e-01,7.076750e-01,1.200581e-02,4.231582e-14,0.0004103,7.336957e-01,7.088018e-01
sf_code1,hbt_typ,mos_sf,res_typ,27,2.97,10u,PASS,1,2.194665e+00,7.080853e-01,7.076750e-01,1.200581e-02,4.231584e-14,0.0004103,7.361531e-01,7.088012e-01
sf_code2,hbt_typ,mos_sf,res_typ,27,2.97,10u,PASS,2,2.194665e+00,7.080853e-01,7.076750e-01,1.200581e-02,4.231582e-14,0.0004103,7.386105e-01,7.088006e-01
sf_code4,hbt_typ,mos_sf,res_typ,27,2.97,10u,PASS,4,2.194665e+00,7.080853e-01,7.076750e-01,1.200581e-02,4.231582e-14,0.0004103,7.435248e-01,7.087994e-01
sf_code8,hbt_typ,mos_sf,res_typ,27,2.97,10u,PASS,8,2.194665e+00,7.080853e-01,7.076750e-01,1.200581e-02,4.231582e-14,0.0004103,7.533522e-01,7.087970e-01
sf_code16,hbt_typ,mos_sf,res_typ,27,2.97,10u,PASS,16,2.194665e+00,7.080853e-01,7.076750e-01,1.200581e-02,4.231583e-14,0.0004103,7.730016e-01,7.087922e-01
sf_code32,hbt_typ,mos_sf,res_typ,27,2.97,10u,PASS,32,2.194665e+00,7.080853e-01,7.076750e-01,1.200581e-02,4.231583e-14,0.0004103,8.122791e-01,7.087826e-01
sf_code64,hbt_typ,mos_sf,res_typ,27,2.97,10u,PASS,64,2.194665e+00,7.080853e-01,7.076750e-01,1.200581e-02,4.231584e-14,0.0004103,8.907477e-01,7.087633e-01
sf_code128,hbt_typ,mos_sf,res_typ,27,2.97,10u,PASS,128,2.194665e+00,7.080853e-01,7.076750e-01,1.200581e-02,4.231582e-14,0.0004103,1.047333e+00,7.087238e-01
sf_code129,hbt_typ,mos_sf,res_typ,27,2.97,10u,PASS,129,2.194665e+00,7.080853e-01,7.076750e-01,1.200581e-02,4.231579e-14,0.0004103,1.049776e+00,7.087232e-01
sf_code255,hbt_typ,mos_sf,res_typ,27,2.97,10u,PASS,255,2.194665e+00,7.080853e-01,7.076750e-01,1.200581e-02,4.231583e-14,0.0004103,1.356600e+00,7.086422e-01
sf_code0,hbt_typ,mos_sf,res_typ,27,3.30,10u,PASS,0,2.524925e+00,7.080932e-01,7.077057e-01,1.353439e-02,5.120802e-14,0.0003875,7.337198e-01,7.088143e-01
sf_code1,hbt_typ,mos_sf,res_typ,27,3.30,10u,PASS,1,2.524925e+00,7.080932e-01,7.077057e-01,1.353439e-02,5.120802e-14,0.0003875,7.361785e-01,7.088137e-01
sf_code2,hbt_typ,mos_sf,res_typ,27,3.30,10u,PASS,2,2.524925e+00,7.080932e-01,7.077057e-01,1.353439e-02,5.120802e-14,0.0003875,7.386370e-01,7.088131e-01
sf_code4,hbt_typ,mos_sf,res_typ,27,3.30,10u,PASS,4,2.524925e+00,7.080932e-01,7.077057e-01,1.353439e-02,5.120802e-14,0.0003875,7.435537e-01,7.088120e-01
sf_code8,hbt_typ,mos_sf,res_typ,27,3.30,10u,PASS,8,2.524925e+00,7.080932e-01,7.077057e-01,1.353439e-02,5.120802e-14,0.0003875,7.533860e-01,7.088097e-01
sf_code16,hbt_typ,mos_sf,res_typ,27,3.30,10u,PASS,16,2.524925e+00,7.080932e-01,7.077057e-01,1.353439e-02,5.120803e-14,0.0003875,7.730452e-01,7.088050e-01
sf_code32,hbt_typ,mos_sf,res_typ,27,3.30,10u,PASS,32,2.524925e+00,7.080932e-01,7.077057e-01,1.353439e-02,5.120803e-14,0.0003875,8.123430e-01,7.087957e-01
sf_code64,hbt_typ,mos_sf,res_typ,27,3.30,10u,PASS,64,2.524925e+00,7.080932e-01,7.077057e-01,1.353439e-02,5.120800e-14,0.0003875,8.908558e-01,7.087770e-01
sf_code128,hbt_typ,mos_sf,res_typ,27,3.30,10u,PASS,128,2.524925e+00,7.080932e-01,7.077057e-01,1.353439e-02,5.120799e-14,0.0003875,1.047547e+00,7.087394e-01
sf_code129,hbt_typ,mos_sf,res_typ,27,3.30,10u,PASS,129,2.524925e+00,7.080932e-01,7.077057e-01,1.353439e-02,5.120801e-14,0.0003875,1.049991e+00,7.087388e-01
sf_code255,hbt_typ,mos_sf,res_typ,27,3.30,10u,PASS,255,2.524925e+00,7.080932e-01,7.077057e-01,1.353439e-02,5.120800e-14,0.0003875,1.357115e+00,7.086626e-01
sf_code0,hbt_typ,mos_sf,res_typ,27,3.63,10u,PASS,0,2.855213e+00,7.080944e-01,7.077165e-01,1.511610e-02,6.242294e-14,0.0003779,7.337305e-01,7.088198e-01
sf_code1,hbt_typ,mos_sf,res_typ,27,3.63,10u,PASS,1,2.855213e+00,7.080944e-01,7.077165e-01,1.511610e-02,6.242294e-14,0.0003779,7.361896e-01,7.088192e-01
sf_code2,hbt_typ,mos_sf,res_typ,27,3.63,10u,PASS,2,2.855213e+00,7.080944e-01,7.077165e-01,1.511610e-02,6.242294e-14,0.0003779,7.386486e-01,7.088186e-01
sf_code4,hbt_typ,mos_sf,res_typ,27,3.63,10u,PASS,4,2.855213e+00,7.080944e-01,7.077165e-01,1.511610e-02,6.242294e-14,0.0003779,7.435662e-01,7.088174e-01
sf_code8,hbt_typ,mos_sf,res_typ,27,3.63,10u,PASS,8,2.855213e+00,7.080944e-01,7.077165e-01,1.511610e-02,6.242294e-14,0.0003779,7.534002e-01,7.088150e-01
sf_code16,hbt_typ,mos_sf,res_typ,27,3.63,10u,PASS,16,2.855213e+00,7.080944e-01,7.077165e-01,1.511610e-02,6.242294e-14,0.0003779,7.730629e-01,7.088102e-01
sf_code32,hbt_typ,mos_sf,res_typ,27,3.63,10u,PASS,32,2.855213e+00,7.080944e-01,7.077165e-01,1.511610e-02,6.242294e-14,0.0003779,8.123673e-01,7.088007e-01
sf_code64,hbt_typ,mos_sf,res_typ,27,3.63,10u,PASS,64,2.855213e+00,7.080944e-01,7.077165e-01,1.511610e-02,6.242294e-14,0.0003779,8.908937e-01,7.087819e-01
sf_code128,hbt_typ,mos_sf,res_typ,27,3.63,10u,PASS,128,2.855213e+00,7.080944e-01,7.077165e-01,1.511610e-02,6.242295e-14,0.0003779,1.047620e+00,7.087447e-01
sf_code129,hbt_typ,mos_sf,res_typ,27,3.63,10u,PASS,129,2.855213e+00,7.080944e-01,7.077165e-01,1.511610e-02,6.242293e-14,0.0003779,1.050065e+00,7.087442e-01
sf_code255,hbt_typ,mos_sf,res_typ,27,3.63,10u,PASS,255,2.855213e+00,7.080944e-01,7.077165e-01,1.511610e-02,6.242293e-14,0.0003779,1.357325e+00,7.086708e-01
fs_code0,hbt_typ,mos_fs,res_typ,27,2.97,10u,PASS,0,2.138465e+00,7.081817e-01,7.077537e-01,5.287617e-03,1.735887e-13,0.000428,7.336129e-01,7.087590e-01
fs_code1,hbt_typ,mos_fs,res_typ,27,2.97,10u,PASS,1,2.138465e+00,7.081817e-01,7.077537e-01,5.287617e-03,1.735887e-13,0.000428,7.360664e-01,7.087584e-01
fs_code2,hbt_typ,mos_fs,res_typ,27,2.97,10u,PASS,2,2.138465e+00,7.081817e-01,7.077537e-01,5.287617e-03,1.735887e-13,0.000428,7.385198e-01,7.087579e-01
fs_code4,hbt_typ,mos_fs,res_typ,27,2.97,10u,PASS,4,2.138465e+00,7.081817e-01,7.077537e-01,5.287617e-03,1.735887e-13,0.000428,7.434263e-01,7.087567e-01
fs_code8,hbt_typ,mos_fs,res_typ,27,2.97,10u,PASS,8,2.138465e+00,7.081817e-01,7.077537e-01,5.287617e-03,1.735887e-13,0.000428,7.532380e-01,7.087543e-01
fs_code16,hbt_typ,mos_fs,res_typ,27,2.97,10u,PASS,16,2.138465e+00,7.081817e-01,7.077537e-01,5.287617e-03,1.735887e-13,0.000428,7.728562e-01,7.087496e-01
fs_code32,hbt_typ,mos_fs,res_typ,27,2.97,10u,PASS,32,2.138465e+00,7.081817e-01,7.077537e-01,5.287617e-03,1.735887e-13,0.000428,8.120715e-01,7.087401e-01
fs_code64,hbt_typ,mos_fs,res_typ,27,2.97,10u,PASS,64,2.138465e+00,7.081817e-01,7.077537e-01,5.287617e-03,1.735887e-13,0.000428,8.904172e-01,7.087211e-01
fs_code128,hbt_typ,mos_fs,res_typ,27,2.97,10u,PASS,128,2.138465e+00,7.081817e-01,7.077537e-01,5.287617e-03,1.735887e-13,0.000428,1.046762e+00,7.086822e-01
fs_code129,hbt_typ,mos_fs,res_typ,27,2.97,10u,PASS,129,2.138465e+00,7.081817e-01,7.077537e-01,5.287617e-03,1.735887e-13,0.000428,1.049202e+00,7.086816e-01
fs_code255,hbt_typ,mos_fs,res_typ,27,2.97,10u,PASS,255,2.138465e+00,7.081817e-01,7.077537e-01,5.287617e-03,1.735887e-13,0.000428,1.355576e+00,7.086018e-01
fs_code0,hbt_typ,mos_fs,res_typ,27,3.30,10u,PASS,0,2.468719e+00,7.081917e-01,7.077905e-01,5.897117e-03,2.044017e-13,0.0004012,7.336407e-01,7.087734e-01
fs_code1,hbt_typ,mos_fs,res_typ,27,3.30,10u,PASS,1,2.468719e+00,7.081917e-01,7.077905e-01,5.897117e-03,2.044017e-13,0.0004012,7.360956e-01,7.087729e-01
fs_code2,hbt_typ,mos_fs,res_typ,27,3.30,10u,PASS,2,2.468719e+00,7.081917e-01,7.077905e-01,5.897117e-03,2.044017e-13,0.0004012,7.385504e-01,7.087723e-01
fs_code4,hbt_typ,mos_fs,res_typ,27,3.30,10u,PASS,4,2.468719e+00,7.081917e-01,7.077905e-01,5.897117e-03,2.044017e-13,0.0004012,7.434597e-01,7.087711e-01
fs_code8,hbt_typ,mos_fs,res_typ,27,3.30,10u,PASS,8,2.468719e+00,7.081917e-01,7.077905e-01,5.897117e-03,2.044017e-13,0.0004012,7.532769e-01,7.087689e-01
fs_code16,hbt_typ,mos_fs,res_typ,27,3.30,10u,PASS,16,2.468719e+00,7.081917e-01,7.077905e-01,5.897117e-03,2.044016e-13,0.0004012,7.729062e-01,7.087643e-01
fs_code32,hbt_typ,mos_fs,res_typ,27,3.30,10u,PASS,32,2.468719e+00,7.081917e-01,7.077905e-01,5.897117e-03,2.044016e-13,0.0004012,8.121447e-01,7.087551e-01
fs_code64,hbt_typ,mos_fs,res_typ,27,3.30,10u,PASS,64,2.468719e+00,7.081917e-01,7.077905e-01,5.897117e-03,2.044016e-13,0.0004012,8.905402e-01,7.087368e-01
fs_code128,hbt_typ,mos_fs,res_typ,27,3.30,10u,PASS,128,2.468719e+00,7.081917e-01,7.077905e-01,5.897117e-03,2.044016e-13,0.0004012,1.047002e+00,7.086997e-01
fs_code129,hbt_typ,mos_fs,res_typ,27,3.30,10u,PASS,129,2.468719e+00,7.081917e-01,7.077905e-01,5.897117e-03,2.044017e-13,0.0004012,1.049443e+00,7.086991e-01
fs_code255,hbt_typ,mos_fs,res_typ,27,3.30,10u,PASS,255,2.468719e+00,7.081917e-01,7.077905e-01,5.897117e-03,2.044016e-13,0.0004012,1.356138e+00,7.086240e-01
fs_code0,hbt_typ,mos_fs,res_typ,27,3.63,10u,PASS,0,2.799000e+00,7.081949e-01,7.078071e-01,6.511875e-03,2.414669e-13,0.0003878,7.336550e-01,7.087808e-01
fs_code1,hbt_typ,mos_fs,res_typ,27,3.63,10u,PASS,1,2.799000e+00,7.081949e-01,7.078071e-01,6.511876e-03,2.414669e-13,0.0003878,7.361105e-01,7.087802e-01
fs_code2,hbt_typ,mos_fs,res_typ,27,3.63,10u,PASS,2,2.799000e+00,7.081949e-01,7.078071e-01,6.511875e-03,2.414669e-13,0.0003878,7.385659e-01,7.087796e-01
fs_code4,hbt_typ,mos_fs,res_typ,27,3.63,10u,PASS,4,2.799000e+00,7.081949e-01,7.078071e-01,6.511875e-03,2.414669e-13,0.0003878,7.434764e-01,7.087784e-01
fs_code8,hbt_typ,mos_fs,res_typ,27,3.63,10u,PASS,8,2.799000e+00,7.081949e-01,7.078071e-01,6.511875e-03,2.414669e-13,0.0003878,7.532960e-01,7.087760e-01
fs_code16,hbt_typ,mos_fs,res_typ,27,3.63,10u,PASS,16,2.799000e+00,7.081949e-01,7.078071e-01,6.511875e-03,2.414670e-13,0.0003878,7.729302e-01,7.087713e-01
fs_code32,hbt_typ,mos_fs,res_typ,27,3.63,10u,PASS,32,2.799000e+00,7.081949e-01,7.078071e-01,6.511875e-03,2.414670e-13,0.0003878,8.121780e-01,7.087620e-01
fs_code64,hbt_typ,mos_fs,res_typ,27,3.63,10u,PASS,64,2.799000e+00,7.081949e-01,7.078071e-01,6.511875e-03,2.414669e-13,0.0003878,8.905926e-01,7.087434e-01
fs_code128,hbt_typ,mos_fs,res_typ,27,3.63,10u,PASS,128,2.799000e+00,7.081949e-01,7.078071e-01,6.511876e-03,2.414669e-13,0.0003878,1.047101e+00,7.087069e-01
fs_code129,hbt_typ,mos_fs,res_typ,27,3.63,10u,PASS,129,2.799000e+00,7.081949e-01,7.078071e-01,6.511876e-03,2.414670e-13,0.0003878,1.049543e+00,7.087063e-01
fs_code255,hbt_typ,mos_fs,res_typ,27,3.63,10u,PASS,255,2.799000e+00,7.081949e-01,7.078071e-01,6.511876e-03,2.414669e-13,0.0003878,1.356395e+00,7.086342e-01
typ_code128,hbt_typ,mos_tt,res_typ,-40,3.30,10u,PASS,128,2.467362e+00,7.844954e-01,7.842286e-01,3.922559e-03,2.795401e-15,0.0002668,1.047180e+00,7.851046e-01
typ_code129,hbt_typ,mos_tt,res_typ,-40,3.30,10u,PASS,129,2.467362e+00,7.844954e-01,7.842286e-01,3.922559e-03,2.795397e-15,0.0002668,1.049072e+00,7.851042e-01
typ_code128,hbt_typ,mos_tt,res_typ,125,3.30,10u,PASS,128,2.555891e+00,5.899368e-01,5.893254e-01,2.605482e-02,5.207952e-11,0.0006114,1.042182e+00,5.904280e-01
typ_code129,hbt_typ,mos_tt,res_typ,125,3.30,10u,PASS,129,2.555891e+00,5.899368e-01,5.893254e-01,2.605482e-02,5.207952e-11,0.0006114,1.045439e+00,5.904271e-01
