corner_label,hbt_section,mos_section,res_section,temp_c,vdd_v,status,zout_dc_lin,zout_1khz_lin,zout_100khz_lin,zout_1mhz_lin,fb_op_v,sns1_op_v,sns2_op_v,vref_op_v,det_op_v,i_vmkfb_a,fb_seed_v,zout_dc_db,zout_1khz_db,zout_100khz_db,zout_1mhz_db,zout_peak_db,zout_peak_freq_hz
typ,hbt_typ,mos_tt,res_typ,-40,2.97,PASS,7.077480e+04,7.077480e+04,7.076910e+04,7.021250e+04,2.137448e+00,7.843802e-01,7.840530e-01,1.046061e+00,3.536050e-03,2.386980e-15,2.225580e+00,9.699757e+01,9.699757e+01,9.699687e+01,9.692829e+01,9.699757e+01,1.000000e+00
typ,hbt_typ,mos_tt,res_typ,27,2.97,PASS,7.111740e+04,7.111740e+04,7.111160e+04,7.054710e+04,2.166967e+00,7.079971e-01,7.075359e-01,1.045913e+00,7.658764e-03,8.164303e-14,2.225580e+00,9.703952e+01,9.703952e+01,9.703881e+01,9.696958e+01,9.703951e+01,1.000000e+00
typ,hbt_typ,mos_tt,res_typ,125,2.97,PASS,7.204720e+04,7.204720e+04,7.204120e+04,7.145440e+04,2.226120e+00,5.897522e-01,5.890710e-01,1.040517e+00,2.287977e-02,4.429837e-11,2.225580e+00,9.715234e+01,9.715234e+01,9.715162e+01,9.708058e+01,9.715234e+01,1.000000e+00
typ,hbt_typ,mos_tt,res_typ,-40,3.30,PASS,7.077960e+04,7.077960e+04,7.077390e+04,7.021810e+04,2.467676e+00,7.843912e-01,7.840933e-01,1.046302e+00,3.938572e-03,2.817191e-15,2.555890e+00,9.699816e+01,9.699816e+01,9.699746e+01,9.692898e+01,9.699816e+01,1.000000e+00
typ,hbt_typ,mos_tt,res_typ,27,3.30,PASS,7.112630e+04,7.112630e+04,7.112050e+04,7.055670e+04,2.497221e+00,7.080066e-01,7.075716e-01,1.046148e+00,8.568369e-03,9.700574e-14,2.555890e+00,9.704060e+01,9.704060e+01,9.703990e+01,9.697077e+01,9.704061e+01,1.000000e+00
typ,hbt_typ,mos_tt,res_typ,125,3.30,PASS,7.206250e+04,7.206250e+04,7.205650e+04,7.147020e+04,2.556428e+00,5.897561e-01,5.890893e-01,1.040698e+00,2.615144e-02,5.219239e-11,2.555890e+00,9.715419e+01,9.715419e+01,9.715346e+01,9.708250e+01,9.715418e+01,1.000000e+00
typ,hbt_typ,mos_tt,res_typ,-40,3.63,PASS,7.078060e+04,7.078060e+04,7.077500e+04,7.022000e+04,2.797917e+00,7.843987e-01,7.841230e-01,1.046468e+00,4.343305e-03,3.275158e-15,2.886270e+00,9.699828e+01,9.699828e+01,9.699760e+01,9.692922e+01,9.699829e+01,1.000000e+00
typ,hbt_typ,mos_tt,res_typ,27,3.63,PASS,7.113080e+04,7.113080e+04,7.112500e+04,7.056190e+04,2.827503e+00,7.080095e-01,7.075871e-01,1.046242e+00,9.492276e-03,1.157130e-13,2.886270e+00,9.704115e+01,9.704115e+01,9.704045e+01,9.697141e+01,9.704115e+01,1.000000e+00
typ,hbt_typ,mos_tt,res_typ,125,3.63,PASS,7.207240e+04,7.207240e+04,7.206640e+04,7.148070e+04,2.886803e+00,5.897461e-01,5.890653e-01,1.040588e+00,2.966438e-02,6.200186e-11,2.886270e+00,9.715538e+01,9.715538e+01,9.715466e+01,9.708378e+01,9.715538e+01,1.000000e+00
bcs,hbt_bcs,mos_ff,res_bcs,-40,2.97,PASS,6.417990e+04,6.417990e+04,6.417560e+04,6.375920e+04,2.185253e+00,7.816821e-01,7.813535e-01,1.045679e+00,2.700762e-03,3.441691e-15,2.266410e+00,9.614798e+01,9.614798e+01,9.614740e+01,9.609086e+01,9.614798e+01,1.000000e+00
bcs,hbt_bcs,mos_ff,res_bcs,27,2.97,PASS,6.446150e+04,6.446150e+04,6.445720e+04,6.403540e+04,2.212139e+00,7.045257e-01,7.040574e-01,1.045116e+00,5.417792e-03,4.190537e-13,2.266410e+00,9.618601e+01,9.618601e+01,9.618543e+01,9.612840e+01,9.618601e+01,1.000000e+00
bcs,hbt_bcs,mos_ff,res_bcs,125,2.97,PASS,6.525820e+04,6.525820e+04,6.525380e+04,6.481630e+04,2.267016e+00,5.851295e-01,5.844308e-01,1.038943e+00,1.461422e-02,1.381842e-10,2.266410e+00,9.629270e+01,9.629270e+01,9.629212e+01,9.623368e+01,9.629271e+01,1.000000e+00
bcs,hbt_bcs,mos_ff,res_bcs,-40,3.30,PASS,6.418440e+04,6.418440e+04,6.418020e+04,6.376430e+04,2.515483e+00,7.816928e-01,7.813929e-01,1.045918e+00,3.004791e-03,4.066192e-15,2.596720e+00,9.614859e+01,9.614859e+01,9.614802e+01,9.609155e+01,9.614859e+01,1.000000e+00
bcs,hbt_bcs,mos_ff,res_bcs,27,3.30,PASS,6.446990e+04,6.446990e+04,6.446560e+04,6.404430e+04,2.542397e+00,7.045346e-01,7.040912e-01,1.045344e+00,6.039599e-03,4.940909e-13,2.596720e+00,9.618714e+01,9.618714e+01,9.618656e+01,9.612961e+01,9.618714e+01,1.000000e+00
bcs,hbt_bcs,mos_ff,res_bcs,125,3.30,PASS,6.527240e+04,6.527240e+04,6.526800e+04,6.483080e+04,2.597331e+00,5.851321e-01,5.844449e-01,1.039107e+00,1.643006e-02,1.588121e-10,2.596720e+00,9.629459e+01,9.629459e+01,9.629401e+01,9.623563e+01,9.629459e+01,1.000000e+00
bcs,hbt_bcs,mos_ff,res_bcs,-40,3.63,PASS,6.418550e+04,6.418550e+04,6.418130e+04,6.376610e+04,2.845725e+00,7.817001e-01,7.814220e-01,1.046082e+00,3.309725e-03,4.760081e-15,2.927110e+00,9.614874e+01,9.614874e+01,9.614817e+01,9.609180e+01,9.614874e+01,1.000000e+00
bcs,hbt_bcs,mos_ff,res_bcs,27,3.63,PASS,6.447420e+04,6.447420e+04,6.446990e+04,6.404910e+04,2.872683e+00,7.045367e-01,7.041045e-01,1.045429e+00,6.666110e-03,5.846157e-13,2.927110e+00,9.618772e+01,9.618772e+01,9.618714e+01,9.613026e+01,9.618771e+01,1.000000e+00
bcs,hbt_bcs,mos_ff,res_bcs,125,3.63,PASS,6.528180e+04,6.528180e+04,6.527730e+04,6.484060e+04,2.927717e+00,5.851201e-01,5.844154e-01,1.038971e+00,1.829750e-02,1.833942e-10,2.927110e+00,9.629584e+01,9.629584e+01,9.629524e+01,9.623694e+01,9.629584e+01,1.000000e+00
wcs,hbt_wcs,mos_ss,res_wcs,-40,2.97,PASS,7.737250e+04,7.737250e+04,7.736510e+04,7.664020e+04,2.088678e+00,7.886984e-01,7.883696e-01,1.048337e+00,5.997312e-03,2.262079e-15,2.183120e+00,9.777173e+01,9.777173e+01,9.777090e+01,9.768913e+01,9.777174e+01,1.000000e+00
wcs,hbt_wcs,mos_ss,res_wcs,27,2.97,PASS,7.777550e+04,7.777550e+04,7.776790e+04,7.703190e+04,2.120579e+00,7.135720e-01,7.131135e-01,1.049154e+00,1.499135e-02,2.157996e-14,2.183120e+00,9.781686e+01,9.781686e+01,9.781601e+01,9.773341e+01,9.781685e+01,1.000000e+00
wcs,hbt_wcs,mos_ss,res_wcs,125,2.97,PASS,7.883770e+04,7.883770e+04,7.882980e+04,7.806350e+04,2.183608e+00,5.972019e-01,5.965324e-01,1.045332e+00,5.927161e-02,2.436010e-11,2.183120e+00,9.793468e+01,9.793468e+01,9.793381e+01,9.784896e+01,9.793468e+01,1.000000e+00
wcs,hbt_wcs,mos_ss,res_wcs,-40,3.30,PASS,7.737760e+04,7.737760e+04,7.737010e+04,7.664630e+04,2.418905e+00,7.887097e-01,7.884110e-01,1.048581e+00,6.708028e-03,2.664535e-15,2.513430e+00,9.777231e+01,9.777231e+01,9.777146e+01,9.768982e+01,9.777230e+01,1.000000e+00
wcs,hbt_wcs,mos_ss,res_wcs,27,3.30,PASS,7.778500e+04,7.778500e+04,7.777750e+04,7.704230e+04,2.450830e+00,7.135822e-01,7.131512e-01,1.049396e+00,1.704235e-02,2.667311e-14,2.513430e+00,9.781792e+01,9.781792e+01,9.781708e+01,9.773458e+01,9.781792e+01,1.000000e+00
wcs,hbt_wcs,mos_ss,res_wcs,125,3.30,PASS,7.885410e+04,7.885410e+04,7.884620e+04,7.808060e+04,2.513908e+00,5.972073e-01,5.965552e-01,1.045533e+00,7.776566e-02,3.798542e-11,2.513430e+00,9.793649e+01,9.793649e+01,9.793562e+01,9.785086e+01,9.793648e+01,1.000000e+00
wcs,hbt_wcs,mos_ss,res_wcs,-40,3.63,PASS,7.737860e+04,7.737860e+04,7.737120e+04,7.664840e+04,2.749144e+00,7.887175e-01,7.884415e-01,1.048749e+00,7.429428e-03,3.191891e-15,2.843790e+00,9.777242e+01,9.777242e+01,9.777159e+01,9.769006e+01,9.777241e+01,1.000000e+00
wcs,hbt_wcs,mos_ss,res_wcs,27,3.63,PASS,7.778970e+04,7.778970e+04,7.778210e+04,7.704790e+04,2.781108e+00,7.135857e-01,7.131690e-01,1.049500e+00,1.921080e-02,3.333445e-14,2.843790e+00,9.781844e+01,9.781844e+01,9.781759e+01,9.773522e+01,9.781844e+01,1.000000e+00
wcs,hbt_wcs,mos_ss,res_wcs,125,3.63,PASS,7.886460e+04,7.886460e+04,7.885670e+04,7.809180e+04,2.844272e+00,5.971994e-01,5.965380e-01,1.045454e+00,1.093525e-01,7.641490e-11,2.843790e+00,9.793764e+01,9.793764e+01,9.793677e+01,9.785211e+01,9.793764e+01,1.000000e+00
sf,hbt_typ,mos_sf,res_typ,-40,2.97,PASS,7.076810e+04,7.076810e+04,7.076240e+04,7.020610e+04,2.165654e+00,7.843307e-01,7.840102e-01,1.046330e+00,5.119740e-03,2.345346e-15,2.253520e+00,9.699675e+01,9.699675e+01,9.699605e+01,9.692750e+01,9.699675e+01,1.000000e+00
sf,hbt_typ,mos_sf,res_typ,27,2.97,PASS,7.111160e+04,7.111160e+04,7.110580e+04,7.054160e+04,2.195064e+00,7.079489e-01,7.074964e-01,1.046196e+00,1.204500e-02,4.242440e-14,2.253520e+00,9.703881e+01,9.703881e+01,9.703810e+01,9.696891e+01,9.703881e+01,1.000000e+00
sf,hbt_typ,mos_sf,res_typ,125,2.97,PASS,7.204240e+04,7.204240e+04,7.203640e+04,7.144990e+04,2.254053e+00,5.897057e-01,5.890347e-01,1.040803e+00,4.295226e-02,3.451138e-11,2.253520e+00,9.715176e+01,9.715176e+01,9.715104e+01,9.708003e+01,9.715176e+01,1.000000e+00
sf,hbt_typ,mos_sf,res_typ,-40,3.30,PASS,7.077310e+04,7.077310e+04,7.076740e+04,7.021190e+04,2.495885e+00,7.843408e-01,7.840480e-01,1.046561e+00,5.714539e-03,2.761680e-15,2.583830e+00,9.699736e+01,9.699736e+01,9.699666e+01,9.692821e+01,9.699736e+01,1.000000e+00
sf,hbt_typ,mos_sf,res_typ,27,3.30,PASS,7.112070e+04,7.112070e+04,7.111490e+04,7.055140e+04,2.525322e+00,7.079573e-01,7.075291e-01,1.046417e+00,1.357904e-02,5.136169e-14,2.583830e+00,9.703992e+01,9.703992e+01,9.703921e+01,9.697011e+01,9.703992e+01,1.000000e+00
sf,hbt_typ,mos_sf,res_typ,125,3.30,PASS,7.205780e+04,7.205780e+04,7.205180e+04,7.146580e+04,2.584365e+00,5.897082e-01,5.890489e-01,1.040966e+00,5.195478e-02,4.520136e-11,2.583830e+00,9.715362e+01,9.715362e+01,9.715290e+01,9.708197e+01,9.715362e+01,1.000000e+00
sf,hbt_typ,mos_sf,res_typ,-40,3.63,PASS,7.077430e+04,7.077430e+04,7.076860e+04,7.021390e+04,2.826129e+00,7.843475e-01,7.840754e-01,1.046717e+00,6.315408e-03,3.247402e-15,2.914220e+00,9.699751e+01,9.699751e+01,9.699681e+01,9.692846e+01,9.699751e+01,1.000000e+00
sf,hbt_typ,mos_sf,res_typ,27,3.63,PASS,7.112530e+04,7.112530e+04,7.111960e+04,7.055670e+04,2.855607e+00,7.079592e-01,7.075418e-01,1.046499e+00,1.515393e-02,6.263046e-14,2.914220e+00,9.704048e+01,9.704048e+01,9.703979e+01,9.697077e+01,9.704049e+01,1.000000e+00
sf,hbt_typ,mos_sf,res_typ,125,3.63,PASS,7.206790e+04,7.206790e+04,7.206190e+04,7.147650e+04,2.914744e+00,5.896968e-01,5.890211e-01,1.040838e+00,6.350704e-02,6.240351e-11,2.914220e+00,9.715484e+01,9.715484e+01,9.715411e+01,9.708327e+01,9.715484e+01,1.000000e+00
fs,hbt_typ,mos_fs,res_typ,-40,2.97,PASS,7.078170e+04,7.078170e+04,7.077600e+04,7.021910e+04,2.109258e+00,7.844299e-01,7.840957e-01,1.045786e+00,2.585408e-03,2.567391e-15,2.197630e+00,9.699842e+01,9.699842e+01,9.699772e+01,9.692911e+01,9.699842e+01,1.000000e+00
fs,hbt_typ,mos_fs,res_typ,27,2.97,PASS,7.112340e+04,7.112340e+04,7.111760e+04,7.055280e+04,2.138874e+00,7.080455e-01,7.075748e-01,1.045623e+00,5.307174e-03,1.737499e-13,2.197630e+00,9.704025e+01,9.704025e+01,9.703954e+01,9.697029e+01,9.704025e+01,1.000000e+00
fs,hbt_typ,mos_fs,res_typ,125,2.97,PASS,7.205220e+04,7.205220e+04,7.204620e+04,7.145910e+04,2.198178e+00,5.897990e-01,5.891069e-01,1.040223e+00,1.458356e-02,7.142693e-11,2.197630e+00,9.715294e+01,9.715294e+01,9.715222e+01,9.708115e+01,9.715294e+01,1.000000e+00
fs,hbt_typ,mos_fs,res_typ,-40,3.30,PASS,7.078630e+04,7.078630e+04,7.078060e+04,7.022460e+04,2.439483e+00,7.844419e-01,7.841385e-01,1.046037e+00,2.876863e-03,3.039236e-15,2.527940e+00,9.699898e+01,9.699898e+01,9.699828e+01,9.692979e+01,9.699898e+01,1.000000e+00
fs,hbt_typ,mos_fs,res_typ,27,3.30,PASS,7.113210e+04,7.113210e+04,7.112630e+04,7.056230e+04,2.469125e+00,7.080561e-01,7.076137e-01,1.045871e+00,5.918907e-03,2.046280e-13,2.527940e+00,9.704131e+01,9.704131e+01,9.704060e+01,9.697145e+01,9.704131e+01,1.000000e+00
fs,hbt_typ,mos_fs,res_typ,125,3.30,PASS,7.206720e+04,7.206720e+04,7.206120e+04,7.147470e+04,2.528481e+00,5.898044e-01,5.891295e-01,1.040423e+00,1.642322e-02,8.200109e-11,2.527940e+00,9.715475e+01,9.715475e+01,9.715403e+01,9.708305e+01,9.715476e+01,1.000000e+00
fs,hbt_typ,mos_fs,res_typ,-40,3.63,PASS,7.078710e+04,7.078710e+04,7.078150e+04,7.022630e+04,2.769721e+00,7.844501e-01,7.841706e-01,1.046213e+00,3.169228e-03,3.511080e-15,2.858310e+00,9.699908e+01,9.699908e+01,9.699840e+01,9.693000e+01,9.699909e+01,1.000000e+00
fs,hbt_typ,mos_fs,res_typ,27,3.63,PASS,7.113640e+04,7.113640e+04,7.113060e+04,7.056730e+04,2.799403e+00,7.080600e-01,7.076322e-01,1.045979e+00,6.535913e-03,2.417511e-13,2.858310e+00,9.704184e+01,9.704184e+01,9.704113e+01,9.697207e+01,9.704183e+01,1.000000e+00
fs,hbt_typ,mos_fs,res_typ,125,3.63,PASS,7.207700e+04,7.207700e+04,7.207100e+04,7.148510e+04,2.858853e+00,5.897958e-01,5.891099e-01,1.040332e+00,1.832295e-02,9.456319e-11,2.858310e+00,9.715593e+01,9.715593e+01,9.715521e+01,9.708431e+01,9.715594e+01,1.000000e+00
