corner_label,pnp_section,mos_section,res_section,temp_c,vdd_v,status,vref_v,vfb_v,veb_q1_v,veb_q2_v,veb_q3_v,dveb_ptat_v,i_leg1_a,i_leg2_a,i_leg3_a,r1_ohm,r2_ohm
typ,typ,mos_tt,res_typ,-40,2.97,PASS,1.296360e+00,2.113651e+00,8.781591e-01,8.348473e-01,8.780527e-01,4.331180e-02,5.070577e-06,5.069984e-06,5.049355e-06,8.284371e+04,1.092877e+04
typ,typ,mos_tt,res_typ,-40,3.30,PASS,1.297823e+00,2.443651e+00,8.782153e-01,8.349108e-01,8.781238e-01,4.330450e-02,5.086413e-06,5.085833e-06,5.066155e-06,8.284373e+04,1.092875e+04
typ,typ,mos_tt,res_typ,-40,3.63,PASS,1.299211e+00,2.773651e+00,8.782745e-01,8.349732e-01,8.781911e-01,4.330130e-02,5.101931e-06,5.101342e-06,5.082102e-06,8.284365e+04,1.092877e+04
typ,typ,mos_tt,res_typ,27,2.97,PASS,1.203554e+00,2.165255e+00,7.809334e-01,7.255703e-01,7.808307e-01,5.536310e-02,5.073023e-06,5.072997e-06,5.053861e-06,8.364363e+04,1.103204e+04
typ,typ,mos_tt,res_typ,27,3.30,PASS,1.204891e+00,2.495255e+00,7.810090e-01,7.256437e-01,7.809112e-01,5.536530e-02,5.087178e-06,5.087146e-06,5.068885e-06,8.364360e+04,1.103204e+04
typ,typ,mos_tt,res_typ,27,3.63,PASS,1.206160e+00,2.825255e+00,7.810838e-01,7.257164e-01,7.809875e-01,5.536740e-02,5.101220e-06,5.101180e-06,5.083141e-06,8.364366e+04,1.103204e+04
typ,typ,mos_tt,res_typ,125,2.97,PASS,1.064208e+00,2.262368e+00,6.322453e-01,5.591711e-01,6.321263e-01,7.307420e-02,5.079090e-06,5.079689e-06,5.062212e-06,8.535433e+04,1.125423e+04
typ,typ,mos_tt,res_typ,125,3.30,PASS,1.065406e+00,2.592368e+00,6.323315e-01,5.592553e-01,6.322172e-01,7.307620e-02,5.091362e-06,5.091947e-06,5.075173e-06,8.535449e+04,1.125424e+04
typ,typ,mos_tt,res_typ,125,3.63,PASS,1.066545e+00,2.922368e+00,6.324200e-01,5.593421e-01,6.323036e-01,7.307790e-02,5.103988e-06,5.104624e-06,5.087505e-06,8.535449e+04,1.125425e+04
bcs,bcs,mos_ff,res_bcs,-40,2.97,PASS,1.255160e+00,2.169966e+00,8.782289e-01,8.350101e-01,8.781430e-01,4.321880e-02,5.075675e-06,5.075340e-06,5.056349e-06,7.456309e+04,9.839617e+03
bcs,bcs,mos_ff,res_bcs,-40,3.30,PASS,1.256492e+00,2.499966e+00,8.782917e-01,8.350750e-01,8.782142e-01,4.321670e-02,5.091752e-06,5.091422e-06,5.073267e-06,7.456296e+04,9.839609e+03
bcs,bcs,mos_ff,res_bcs,-40,3.63,PASS,1.257761e+00,2.829966e+00,8.783577e-01,8.351383e-01,8.782818e-01,4.321940e-02,5.107516e-06,5.107177e-06,5.089376e-06,7.456301e+04,9.839624e+03
bcs,bcs,mos_ff,res_bcs,27,2.97,PASS,1.161088e+00,2.220889e+00,7.802096e-01,7.249230e-01,7.801131e-01,5.528660e-02,5.078010e-06,5.078225e-06,5.060581e-06,7.528284e+04,9.932348e+03
bcs,bcs,mos_ff,res_bcs,27,3.30,PASS,1.162306e+00,2.550889e+00,7.802876e-01,7.249974e-01,7.801937e-01,5.529020e-02,5.092368e-06,5.092570e-06,5.075691e-06,7.528281e+04,9.932333e+03
bcs,bcs,mos_ff,res_bcs,27,3.63,PASS,1.163466e+00,2.880889e+00,7.803650e-01,7.250711e-01,7.802703e-01,5.529390e-02,5.106621e-06,5.106823e-06,5.090082e-06,7.528281e+04,9.932340e+03
bcs,bcs,mos_ff,res_bcs,125,2.97,PASS,1.019441e+00,2.316882e+00,6.301391e-01,5.571278e-01,6.300292e-01,7.301130e-02,5.084335e-06,5.085155e-06,5.068999e-06,7.682223e+04,1.013200e+04
bcs,bcs,mos_ff,res_bcs,125,3.30,PASS,1.020532e+00,2.646882e+00,6.302272e-01,5.572131e-01,6.301203e-01,7.301410e-02,5.096776e-06,5.097581e-06,5.082019e-06,7.682216e+04,1.013198e+04
bcs,bcs,mos_ff,res_bcs,125,3.63,PASS,1.021576e+00,2.976882e+00,6.303177e-01,5.573013e-01,6.302072e-01,7.301640e-02,5.109597e-06,5.110477e-06,5.094472e-06,7.682225e+04,1.013199e+04
wcs,wcs,mos_ss,res_wcs,-40,2.97,PASS,1.336792e+00,2.057118e+00,8.773813e-01,8.339874e-01,8.772831e-01,4.339390e-02,5.065718e-06,5.064874e-06,5.042654e-06,9.112442e+04,1.201793e+04
wcs,wcs,mos_ss,res_wcs,-40,3.30,PASS,1.338383e+00,2.387118e+00,8.774474e-01,8.340506e-01,8.773541e-01,4.339680e-02,5.081304e-06,5.080483e-06,5.059335e-06,9.112441e+04,1.201793e+04
wcs,wcs,mos_ss,res_wcs,-40,3.63,PASS,1.339888e+00,2.717118e+00,8.775121e-01,8.341122e-01,8.774211e-01,4.339990e-02,5.096570e-06,5.095739e-06,5.075117e-06,9.112438e+04,1.201792e+04
wcs,wcs,mos_ss,res_wcs,27,2.97,PASS,1.245271e+00,2.109410e+00,7.809955e-01,7.255289e-01,7.808832e-01,5.546660e-02,5.068299e-06,5.068039e-06,5.047447e-06,9.200449e+04,1.213175e+04
wcs,wcs,mos_ss,res_wcs,27,3.30,PASS,1.246726e+00,2.439410e+00,7.810704e-01,7.256014e-01,7.809637e-01,5.546900e-02,5.082247e-06,5.081989e-06,5.062385e-06,9.200452e+04,1.213175e+04
wcs,wcs,mos_ss,res_wcs,27,3.63,PASS,1.248101e+00,2.769410e+00,7.811446e-01,7.256730e-01,7.810396e-01,5.547160e-02,5.096077e-06,5.095805e-06,5.076510e-06,9.200443e+04,1.213176e+04
wcs,wcs,mos_ss,res_wcs,125,2.97,PASS,1.108414e+00,2.207651e+00,6.338747e-01,5.607053e-01,6.337397e-01,7.316940e-02,5.074222e-06,5.074607e-06,5.055826e-06,9.388660e+04,1.237649e+04
wcs,wcs,mos_ss,res_wcs,125,3.30,PASS,1.109718e+00,2.537651e+00,6.339543e-01,5.607883e-01,6.338307e-01,7.316600e-02,5.086329e-06,5.086703e-06,5.068736e-06,9.388678e+04,1.237648e+04
wcs,wcs,mos_ss,res_wcs,125,3.63,PASS,1.110951e+00,2.867651e+00,6.340415e-01,5.608738e-01,6.339166e-01,7.316770e-02,5.098774e-06,5.099177e-06,5.080962e-06,9.388663e+04,1.237649e+04
sf,typ,mos_sf,res_typ,-40,2.97,PASS,1.296565e+00,2.141867e+00,8.781549e-01,8.348568e-01,8.780627e-01,4.329810e-02,5.073095e-06,5.072495e-06,5.051712e-06,8.284366e+04,1.092876e+04
sf,typ,mos_sf,res_typ,-40,3.30,PASS,1.298038e+00,2.471867e+00,8.782204e-01,8.349213e-01,8.781343e-01,4.329910e-02,5.089050e-06,5.088464e-06,5.068630e-06,8.284363e+04,1.092878e+04
sf,typ,mos_sf,res_typ,-40,3.63,PASS,1.299437e+00,2.801867e+00,8.782957e-01,8.349843e-01,8.782020e-01,4.331140e-02,5.104688e-06,5.104093e-06,5.084695e-06,8.284371e+04,1.092878e+04
sf,typ,mos_sf,res_typ,27,2.97,PASS,1.203759e+00,2.193132e+00,7.809477e-01,7.255830e-01,7.808431e-01,5.536470e-02,5.075465e-06,5.075437e-06,5.056167e-06,8.364358e+04,1.103204e+04
sf,typ,mos_sf,res_typ,27,3.30,PASS,1.205105e+00,2.523132e+00,7.810244e-01,7.256569e-01,7.809241e-01,5.536750e-02,5.089720e-06,5.089687e-06,5.071289e-06,8.364361e+04,1.103203e+04
sf,typ,mos_sf,res_typ,27,3.63,PASS,1.206383e+00,2.853132e+00,7.811005e-01,7.257300e-01,7.810008e-01,5.537050e-02,5.103865e-06,5.103824e-06,5.085645e-06,8.364371e+04,1.103206e+04
sf,typ,mos_sf,res_typ,125,2.97,PASS,1.064432e+00,2.289686e+00,6.322624e-01,5.591885e-01,6.321432e-01,7.307390e-02,5.081620e-06,5.082222e-06,5.064629e-06,8.535448e+04,1.125423e+04
sf,typ,mos_sf,res_typ,125,3.30,PASS,1.065636e+00,2.619686e+00,6.323488e-01,5.592732e-01,6.322347e-01,7.307560e-02,5.093974e-06,5.094562e-06,5.077669e-06,8.535438e+04,1.125424e+04
sf,typ,mos_sf,res_typ,125,3.63,PASS,1.066783e+00,2.949686e+00,6.324375e-01,5.593606e-01,6.323216e-01,7.307690e-02,5.106689e-06,5.107329e-06,5.090082e-06,8.535450e+04,1.125424e+04
fs,typ,mos_fs,res_typ,-40,2.97,PASS,1.296159e+00,2.085438e+00,8.781389e-01,8.348368e-01,8.780429e-01,4.330210e-02,5.068099e-06,5.067511e-06,5.047045e-06,8.284374e+04,1.092876e+04
fs,typ,mos_fs,res_typ,-40,3.30,PASS,1.297611e+00,2.415438e+00,8.781983e-01,8.349002e-01,8.781135e-01,4.329810e-02,5.083810e-06,5.083235e-06,5.063721e-06,8.284372e+04,1.092877e+04
fs,typ,mos_fs,res_typ,-40,3.63,PASS,1.298988e+00,2.745438e+00,8.782672e-01,8.349623e-01,8.781803e-01,4.330490e-02,5.099199e-06,5.098617e-06,5.079543e-06,8.284361e+04,1.092875e+04
fs,typ,mos_fs,res_typ,27,2.97,PASS,1.203354e+00,2.137387e+00,7.809216e-01,7.255579e-01,7.808186e-01,5.536370e-02,5.070631e-06,5.070606e-06,5.051611e-06,8.364369e+04,1.103203e+04
fs,typ,mos_fs,res_typ,27,3.30,PASS,1.204682e+00,2.467387e+00,7.809970e-01,7.256308e-01,7.808986e-01,5.536620e-02,5.084681e-06,5.084650e-06,5.066531e-06,8.364370e+04,1.103205e+04
fs,typ,mos_fs,res_typ,27,3.63,PASS,1.205941e+00,2.797387e+00,7.810718e-01,7.257029e-01,7.809743e-01,5.536890e-02,5.098616e-06,5.098578e-06,5.080683e-06,8.364362e+04,1.103206e+04
fs,typ,mos_fs,res_typ,125,2.97,PASS,1.063993e+00,2.235065e+00,6.322287e-01,5.591543e-01,6.321099e-01,7.307440e-02,5.076646e-06,5.077242e-06,5.059882e-06,8.535438e+04,1.125424e+04
fs,typ,mos_fs,res_typ,125,3.30,PASS,1.065183e+00,2.565065e+00,6.323147e-01,5.592379e-01,6.322003e-01,7.307680e-02,5.088833e-06,5.089415e-06,5.072762e-06,8.535443e+04,1.125424e+04
fs,typ,mos_fs,res_typ,125,3.63,PASS,1.066314e+00,2.895065e+00,6.324028e-01,5.593242e-01,6.322861e-01,7.307860e-02,5.101369e-06,5.102003e-06,5.085011e-06,8.535437e+04,1.125425e+04
